student_id,name,age,gender,score,phone,city,email,date_of_join,course,attendance,status,gpa,remarks,money_spent,event_time,address_raw,hobbies,skills.tech.python,skills.tech.excel,skills.tech.sql,skills.soft,family.siblings,family.income.father,family.income.mother,device1_type,device1_brand,device1_year,device2_type,device2_brand,device2_year,addr_postal,addr_city,addr_district
1,Claudia Short ,20,Unknown,0.0,+16193794152,Katieland,Unknown,,Data Science,0.0,active,3.72,good,135.0,,"Apartment 37, South Kevin district, Tashkent, UZ, 100539","['gun', 'nice']",2.0,5.0,1.0,"['with', 'onto']",4.0,1198.0,1089.0,laptop,HP,2021.0,phone,Xiaomi,2021.0,100539,Tashkent, South Kevin district
2,Unknown,20,Female,0.0,Unknown,Dawnburgh,psmith@chen.com,2017-08-29 00:00:00,Data Science,0.0,active,1.88,excellent,152.0,2001-11-10 04:19:00,UZ 100332 Tashkent South Patricia,,,,,,,,,,,,,,,100332,Unknown,Unknown
3,Kathryn Moyer ,20,Unknown,0.0,Unknown,Lake Stevenmouth,Unknown,2017-08-14 00:00:00,Data Science,0.0,pending,0.0,  excellent  ,185.0,,"Wendyshire 12-kv, dom 1, Tashkent","['fast', 'clearly']",5.0,3.0,1.0,"['despite', 'clearly']",1.0,263.0,202.0,laptop,HP,2020.0,phone,Samsung,2023.0,Unknown,Tashkent,Unknown
4,Ruben Wilson,0,Female,81.0,Unknown,Port Pamelafort,Unknown,1973-09-17 00:00:00,Unknown,0.0,inactive,0.0,good,175.0,,"Apartment 16, North Tamara district, Tashkent, UZ, 100097","['left', 'role']",3.0,5.0,1.0,"['full', 'series']",4.0,508.0,698.0,laptop,Lenovo,2020.0,phone,Samsung,2024.0,100097,Tashkent, North Tamara district
5,Robert Pruitt,20,Female,0.0,+0011826595631,Kingburgh,Unknown,2023-11-25 00:00:00,Unknown,0.0,pending,4.37,average,282.0,2013-10-13 00:00:00,"BROKEN,ADDRESS,DATA,,,","['sort', 'science']",1.0,4.0,1.0,"['whose', 'save']",3.0,862.0,1058.0,laptop,Lenovo,2023.0,phone,Apple,2022.0,Unknown,Unknown,Unknown
6,David Martinez,20,Male,0.0,+0010748286016,Hugheshaven,nathangibbs@hotmail.com,,Data Science,0.0,pending,0.0,average,8500.0,1983-04-30 01:46:36,"Apartment 42, North Jamesfurt district, Tashkent, UZ, 100551",,,,,,,,,,,,,,,100551,Tashkent, North Jamesfurt district
7,Unknown,18,Female,71.0,+3140180928,Sharpfurt,Unknown,1982-01-16 00:00:00,Data Science,0.0,active,0.0,excellent,275.0,2004-11-19 23:42:00,"Lake Tracishire 29-kv, dom 8, Tashkent","['fall', 'teacher']",4.0,1.0,4.0,"['teacher', 'good']",3.0,1270.0,931.0,laptop,HP,2018.0,phone,Xiaomi,2023.0,Unknown,Tashkent,Unknown
8,Nicholas Dennis,21,Female,0.0,+8091556011,Matthewfort,Unknown,2000-06-26 00:00:00,Python,63.0,active,0.0,excellent,135.0,1978-09-23 00:00:00,"70576 Butler Harbor Suite 847, Janetberg",,,,,,,,,,,,,,,70576,Janetberg,Unknown
9,Unknown,0,Female,77.0,+8549645423,South Paulchester,stacysmith@taylor.biz,2000-03-15 00:00:00,Unknown,0.0,active,0.0,  excellent  ,104.0,1995-10-20 00:00:00,"Williamsborough 2-kv, dom 18, Tashkent","['require', 'open']",1.0,5.0,4.0,"['partner', 'walk']",0.0,850.0,1062.0,laptop,Dell,2019.0,phone,Apple,2020.0,Unknown,Tashkent,Unknown
10,Elizabeth Villegas,22,Unknown,0.0,+2054674476,South Dianatown,Unknown,2013-02-11 07:12:29,Unknown,99.0,inactive,0.0,average,21500.0,2014-12-16 06:44:51,"BROKEN,ADDRESS,DATA,,,","['management', 'to']",1.0,1.0,4.0,"['beat', 'southern']",3.0,597.0,1150.0,laptop,Dell,2016.0,phone,Xiaomi,2023.0,Unknown,Unknown,Unknown
11,Shawn Baker ,19,Unknown,0.0,+9868509629,Zhangstad,Unknown,2025-06-10 00:00:00,Data Science,0.0,active,0.0,  excellent  ,18300.0,2001-06-06 05:29:47,"Apartment 34, North Samantha district, Tashkent, UZ, 100659",,,,,,,,,,,,,,,100659,Tashkent, North Samantha district
12,Unknown,18,Unknown,71.0,Unknown,Austinside,Unknown,2013-01-14 19:16:00,Unknown,0.0,inactive,0.0,average,208.0,2003-05-27 00:00:00,"Apartment 13, Morrismouth district, Tashkent, UZ, 100315",,,,,,,,,,,,,,,100315,Tashkent, Morrismouth district
13,Unknown,19,Female,0.0,+2235736311,Lesliefurt,Unknown,2014-12-24 00:00:00,Data Science,0.0,inactive,0.0,  excellent  ,84.0,2010-11-21 00:00:00,"Frankchester 9-kv, dom 20, Tashkent",,,,,,,,,,,,,,,Unknown,Tashkent,Unknown
14,Thomas Prince,20,Unknown,0.0,Unknown,East Michellestad,aphillips@holland-diaz.org,2012-02-09 00:00:00,Unknown,0.0,inactive,0.0,excellent,210.0,2013-05-14 00:00:00,UZ 100394 Tashkent Stevensborough,,,,,,,,,,,,,,,100394,Unknown,Unknown
15,Unknown,21,Male,73.0,Unknown,Michellebury,kevin65@maxwell.info,1971-03-17 08:30:18,Python,0.0,pending,0.0,good,191.0,1984-10-29 14:14:47,"Davidborough 9-kv, dom 29, Tashkent",,,,,,,,,,,,,,,Unknown,Tashkent,Unknown
16,Adrian Allen,20,Female,0.0,Unknown,Antoniobury,Unknown,1999-08-29 00:00:00,Unknown,0.0,pending,0.0,excellent,53.0,1983-10-13 00:00:00,"1965 Jacobs Branch Apt. 418, Timburgh","['partner', 'race']",4.0,4.0,4.0,"['onto', 'owner']",3.0,798.0,626.0,laptop,Dell,2019.0,phone,Apple,2022.0,Unknown,Timburgh,Unknown
17,Stephen Lyons,19,Unknown,76.0,Unknown,New Adam,Unknown,2009-10-13 02:20:00,Unknown,0.0,active,0.0,good,110.0,1984-12-04 09:17:45,UZ 100399 Tashkent Joehaven,"['nothing', 'community']",1.0,1.0,5.0,"['wear', 'will']",1.0,772.0,498.0,laptop,Lenovo,2023.0,phone,Apple,2021.0,100399,Unknown,Unknown
18,Zachary Lyons ,18,Male,68.0,+2425525722,Chenport,Unknown,2003-09-25 00:00:00,Unknown,0.0,inactive,0.0,average,138.0,1997-08-27 00:00:00,"Apartment 22, Port Kevin district, Tashkent, UZ, 100106",,,,,,,,,,,,,,,100106,Tashkent, Port Kevin district
19,Unknown,20,Female,50.0,+11790996883,West Danaville,Unknown,1974-02-20 00:00:00,Unknown,0.0,active,3.05,excellent,6600.0,1976-05-07 00:00:00,"BROKEN,ADDRESS,DATA,,,",,,,,,,,,,,,,,,Unknown,Unknown,Unknown
20,Anthony Hardy ,20,Male,0.0,+6692728730,Kimport,Unknown,1973-05-20 19:05:00,Unknown,65.0,pending,0.0,  excellent  ,218.0,,"Masontown 10-kv, dom 21, Tashkent","['certainly', 'defense']",5.0,2.0,4.0,"['medical', 'quality']",4.0,1220.0,1220.0,laptop,Lenovo,2018.0,phone,Apple,2019.0,Unknown,Tashkent,Unknown
21,Hector Beltran,20,Male,52.0,Unknown,North Harry,preid@hotmail.com,2010-02-02 00:00:00,Data Science,0.0,active,0.0,good,153.0,1983-03-31 17:15:15,"BROKEN,ADDRESS,DATA,,,",,,,,,,,,,,,,,,Unknown,Unknown,Unknown
22,Tara Nguyen ,22,Unknown,73.0,+0388742999,Brittanychester,Unknown,2000-06-04 17:46:54,Unknown,78.0,inactive,0.0,excellent,174.0,2020-11-26 00:00:00,UZ 100063 Tashkent Lake Shaneland,"['create', 'accept']",1.0,3.0,1.0,"['new', 'manager']",3.0,1140.0,1117.0,laptop,Dell,2016.0,phone,Xiaomi,2018.0,100063,Unknown,Unknown
23,Jessica Robinson ,22,Male,0.0,+11697150937,Jonesfurt,Unknown,2010-05-10 12:48:00,Unknown,81.0,inactive,0.0,good,26100.0,2005-06-09 00:00:00,"0451 James Cliffs Suite 725, Wagnermouth",,,,,,,,,,,,,,,Unknown,Wagnermouth,Unknown
24,Latoya Williams,18,Male,60.0,Unknown,North Ashleyborough,Unknown,2021-08-06 11:33:00,Data Science,0.0,pending,0.0,  excellent  ,14800.0,,"0258 Sean Keys Apt. 380, Kevinfort","['step', 'section']",1.0,5.0,3.0,"['beat', 'popular']",0.0,1376.0,871.0,laptop,Dell,2022.0,phone,Xiaomi,2019.0,Unknown,Kevinfort,Unknown
25,Unknown,21,Unknown,0.0,Unknown,Donnaview,Unknown,2025-03-08 00:00:00,Data Science,0.0,pending,0.0,excellent,135.0,2000-07-16 13:07:00,"06462 Buck Springs Apt. 169, North Lisa","['phone', 'consider']",1.0,3.0,2.0,"['must', 'around']",0.0,1453.0,206.0,laptop,Lenovo,2019.0,phone,Xiaomi,2020.0,06462,North Lisa,Unknown
26,Unknown,21,Female,0.0,Unknown,Harrisbury,Unknown,,Unknown,96.0,pending,0.0,good,29900.0,2001-02-12 00:00:00,"Apartment 20, Lake Crystal district, Tashkent, UZ, 100119","['tough', 'role']",3.0,1.0,2.0,"['south', 'his']",1.0,623.0,577.0,laptop,Dell,2022.0,phone,Apple,2019.0,100119,Tashkent, Lake Crystal district
27,Emily Cummings,22,Female,59.0,Unknown,East Dariuston,Unknown,,Python,0.0,inactive,1.18,average,245.0,2000-12-24 00:42:00,"Apartment 27, South David district, Tashkent, UZ, 100696","['billion', 'feeling']",3.0,1.0,3.0,"['thought', 'particularly']",4.0,303.0,1245.0,laptop,Lenovo,2023.0,phone,Samsung,2023.0,100696,Tashkent, South David district
28,Brandy Powell ,0,Unknown,87.0,+4042330292,Oconnellburgh,Unknown,2000-07-27 00:00:00,Unknown,0.0,inactive,0.0,excellent,285.0,2014-07-31 11:40:00,"BROKEN,ADDRESS,DATA,,,","['energy', 'however']",2.0,1.0,3.0,"['either', 'plan']",4.0,1105.0,1106.0,laptop,Lenovo,2023.0,phone,Samsung,2022.0,Unknown,Unknown,Unknown
29,Unknown,21,Male,88.0,+5211681029,West Rachel,elizabeth49@yahoo.com,2014-09-19 00:00:00,Unknown,0.0,inactive,0.0,None,295.0,1992-05-20 00:00:00,"241 Sarah Spring, Bridgetton",,,,,,,,,,,,,,,Unknown,Bridgetton,Unknown
30,Jaime Rowe,0,Unknown,69.0,+0468929598,Shepardmouth,eolson@carr.net,1972-01-29 01:01:06,Data Science,64.0,pending,0.0,average,294.0,,"Port Robertstad 16-kv, dom 50, Tashkent","['woman', 'wear']",4.0,5.0,3.0,"['reduce', 'than']",4.0,1291.0,913.0,laptop,Lenovo,2024.0,phone,Xiaomi,2019.0,Unknown,Tashkent,Unknown
31,Brianna Castro ,21,Unknown,0.0,Unknown,East Regina,Unknown,2007-10-13 09:29:00,Data Science,0.0,pending,0.0,average,63.0,1970-09-12 00:00:00,"BROKEN,ADDRESS,DATA,,,",,,,,,,,,,,,,,,Unknown,Unknown,Unknown
32,April Johnson ,20,Male,0.0,+0548293587,Andersontown,Unknown,,Unknown,0.0,active,0.0,good,289.0,2022-04-21 06:18:32,"Apartment 42, Christineburgh district, Tashkent, UZ, 100686","['material', 'relate']",5.0,3.0,3.0,"['against', 'history']",4.0,1124.0,1323.0,laptop,Dell,2023.0,phone,Apple,2018.0,100686,Tashkent, Christineburgh district
33,Joyce Franklin,20,Female,60.0,+6180905816,South Brittany,Unknown,2000-06-29 21:16:26,Data Science,66.0,inactive,0.0,  excellent  ,57.0,1982-05-31 00:00:00,"New Antonio 12-kv, dom 41, Tashkent","['run', 'case']",4.0,2.0,3.0,"['rock', 'never']",4.0,1009.0,1369.0,laptop,Dell,2022.0,phone,Xiaomi,2020.0,Unknown,Tashkent,Unknown
34,Unknown,20,Female,0.0,Unknown,Hillmouth,Unknown,1983-05-24 00:00:00,Unknown,67.0,active,0.0,  excellent  ,17200.0,1975-06-08 00:00:00,UZ 100883 Tashkent West Michaelport,"['decide', 'least']",5.0,5.0,2.0,"['mouth', 'laugh']",4.0,763.0,1393.0,laptop,HP,2019.0,phone,Samsung,2020.0,100883,Unknown,Unknown
35,Unknown,22,Female,0.0,+3565523035,North Maryfort,Unknown,2008-01-25 20:03:00,Data Science,0.0,pending,0.0,None,136.0,1998-08-30 02:53:00,UZ 100652 Tashkent Lake Donaldton,,,,,,,,,,,,,,,100652,Unknown,Unknown
36,Unknown,22,Unknown,87.0,+0018930217782,North Gerald,Unknown,2018-11-11 00:00:00,Python,0.0,inactive,0.0,average,202.0,2024-12-18 00:00:00,"North Amy 11-kv, dom 49, Tashkent","['stay', 'even']",3.0,5.0,3.0,"['generation', 'group']",1.0,219.0,1344.0,laptop,Dell,2017.0,phone,Apple,2021.0,Unknown,Tashkent,Unknown
37,Jeremy Fry ,18,Unknown,0.0,+7731802562,New Kent,mccoyandrew@yahoo.com,,Data Science,0.0,pending,0.0,average,157.0,1971-02-04 00:00:00,"Apartment 49, New Ian district, Tashkent, UZ, 100606",,,,,,,,,,,,,,,100606,Tashkent, New Ian district
38,Christopher Sosa ,20,Male,0.0,+0011386481737,New Aliceland,Unknown,2022-08-12 00:00:00,Unknown,67.0,active,0.0,  excellent  ,242.0,1970-02-17 19:58:04,"Apartment 22, Youngton district, Tashkent, UZ, 100192","['art', 'learn']",3.0,2.0,3.0,"['write', 'alone']",2.0,1354.0,448.0,laptop,Lenovo,2024.0,phone,Samsung,2020.0,100192,Tashkent, Youngton district
39,David Duke ,20,Female,0.0,+5266776949,Harrishaven,Unknown,2004-09-26 00:00:00,Python,0.0,active,0.0,excellent,159.0,2022-05-25 01:20:33,UZ 100766 Tashkent Port William,,,,,,,,,,,,,,,100766,Unknown,Unknown
40,Sara Page ,20,Female,71.0,Unknown,West William,edgar27@phillips-martin.info,,Python,0.0,inactive,0.0,None,140.0,1993-10-06 00:00:00,"73317 Timothy Port Suite 163, Dicksonbury","['imagine', 'middle']",3.0,4.0,4.0,"['begin', 'movement']",5.0,270.0,255.0,laptop,Lenovo,2020.0,phone,Apple,2021.0,73317,Dicksonbury,Unknown
41,Unknown,19,Male,0.0,Unknown,West Georgefort,Unknown,1975-12-17 00:00:00,Unknown,0.0,active,0.0,average,225.0,,"4613 Robert Cliff Suite 875, South Leslie","['particular', 'turn']",1.0,4.0,2.0,"['trip', 'toward']",5.0,1364.0,1312.0,laptop,HP,2017.0,phone,Xiaomi,2019.0,Unknown,South Leslie,Unknown
42,Mark Smith ,0,Male,0.0,Unknown,West Morganchester,Unknown,1980-12-09 00:00:00,Unknown,81.0,inactive,0.0,excellent,255.0,1980-06-06 03:12:08,"Apartment 17, Port Kristopherberg district, Tashkent, UZ, 100563",,,,,,,,,,,,,,,100563,Tashkent, Port Kristopherberg district
43,Amanda Myers,19,Female,0.0,+6981153243,North Christopherborough,Unknown,,Data Science,0.0,pending,0.0,average,14000.0,1990-02-09 05:03:04,UZ 100515 Tashkent North Joseph,"['professional', 'necessary']",5.0,4.0,2.0,"['recent', 'tend']",1.0,1134.0,1304.0,laptop,Dell,2018.0,phone,Apple,2021.0,100515,Unknown,Unknown
44,Eric George ,18,Male,93.0,Unknown,Nathanborough,Unknown,,Unknown,0.0,inactive,0.0,good,205.0,,UZ 100297 Tashkent North Candace,,,,,,,,,,,,,,,100297,Unknown,Unknown
45,Unknown,20,Unknown,83.0,Unknown,Duncanfort,Unknown,,Unknown,0.0,active,0.0,  excellent  ,135.0,2022-11-21 00:00:00,"Annahaven 19-kv, dom 3, Tashkent","['finish', 'true']",4.0,2.0,2.0,"['enter', 'response']",5.0,778.0,355.0,laptop,Lenovo,2021.0,phone,Xiaomi,2022.0,Unknown,Tashkent,Unknown
46,Brandi Jones,20,Male,0.0,Unknown,Ramirezborough,lawrence93@robinson-davis.com,1989-02-03 04:53:00,Unknown,92.0,inactive,0.0,None,172.0,1975-05-22 00:00:00,"BROKEN,ADDRESS,DATA,,,","['raise', 'let']",1.0,5.0,2.0,"['tell', 'compare']",3.0,209.0,1191.0,laptop,Dell,2016.0,phone,Apple,2021.0,Unknown,Unknown,Unknown
47,John Robinson,19,Unknown,51.0,Unknown,Port Tracy,wallacerandy@bradshaw.com,,Unknown,0.0,active,0.0,average,16600.0,1994-04-25 00:00:00,UZ 100626 Tashkent East Williamport,"['above', 'even']",3.0,2.0,5.0,"['minute', 'view']",4.0,1127.0,1111.0,laptop,HP,2020.0,phone,Apple,2022.0,100626,Unknown,Unknown
48,Suzanne Meyer,0,Male,95.0,Unknown,South Joshua,bartlettchristy@perez-strickland.com,1972-09-21 00:00:00,Data Science,0.0,active,0.0,None,144.0,1976-01-20 00:00:00,"6637 Michelle Unions Apt. 959, Erikfort","['do', 'property']",3.0,1.0,4.0,"['parent', 'raise']",1.0,709.0,1006.0,laptop,Dell,2015.0,phone,Apple,2024.0,Unknown,Erikfort,Unknown
49,Unknown,18,Female,0.0,+12718094741,Lake Michael,Unknown,,Unknown,81.0,active,0.0,average,225.0,1992-09-19 00:00:00,"00607 Alvarez Circles Suite 553, North Benjamin",,,,,,,,,,,,,,,00607,North Benjamin,Unknown
50,Justin Wong ,18,Unknown,90.0,+0108099177,Travisfort,Unknown,1970-02-03 13:13:00,Unknown,0.0,active,0.0,average,164.0,1995-02-16 00:00:00,"Apartment 28, East Andrew district, Tashkent, UZ, 100090","['decide', 'continue']",4.0,4.0,3.0,"['these', 'could']",3.0,204.0,506.0,laptop,Lenovo,2016.0,phone,Samsung,2024.0,100090,Tashkent, East Andrew district
51,James Davis ,20,Female,61.0,Unknown,New Emilyshire,Unknown,2014-02-09 00:00:00,Data Science,0.0,inactive,0.0,average,132.0,1995-04-07 00:00:00,UZ 100391 Tashkent Lake Amy,,,,,,,,,,,,,,,100391,Unknown,Unknown
52,Mitchell Conway ,19,Female,63.0,+5709119906,Lake Louis,Unknown,1994-06-13 04:13:00,Unknown,0.0,inactive,0.0,None,205.0,,"BROKEN,ADDRESS,DATA,,,","['painting', 'tough']",4.0,5.0,2.0,"['hour', 'series']",3.0,543.0,1003.0,laptop,Dell,2015.0,phone,Apple,2020.0,Unknown,Unknown,Unknown
53,Unknown,20,Female,88.0,+7808691118,West Lindsayview,dclark@boyd.info,2012-06-25 00:00:00,Unknown,0.0,inactive,0.0,average,251.0,1990-03-31 00:00:00,UZ 100232 Tashkent Annabury,,,,,,,,,,,,,,,100232,Unknown,Unknown
54,Heather Moreno,19,Female,83.0,+4389178289,South Jasmine,Unknown,2025-07-25 00:00:00,Data Science,0.0,pending,0.0,  excellent  ,221.0,2024-01-16 00:00:00,"Christown 6-kv, dom 20, Tashkent","['leave', 'effect']",3.0,5.0,5.0,"['six', 'reduce']",1.0,581.0,302.0,laptop,Dell,2020.0,phone,Apple,2020.0,Unknown,Tashkent,Unknown
55,Todd Moore,21,Male,0.0,+15174942230,Richardview,schmidtregina@gmail.com,1999-04-29 21:01:29,Unknown,0.0,inactive,0.0,  excellent  ,51.0,1998-03-22 03:51:00,"Apartment 40, West Davidhaven district, Tashkent, UZ, 100291",,,,,,,,,,,,,,,100291,Tashkent, West Davidhaven district
56,Unknown,21,Female,0.0,Unknown,Katelynton,dominguezerin@solis.org,,Unknown,0.0,inactive,0.0,None,298.0,1980-07-14 00:00:00,"Apartment 42, South Charles district, Tashkent, UZ, 100904","['where', 'game']",4.0,2.0,1.0,"['per', 'detail']",1.0,602.0,1380.0,laptop,Lenovo,2019.0,phone,Samsung,2022.0,100904,Tashkent, South Charles district
57,Ashley Lowe ,0,Female,0.0,+15016900671,Robertshire,zvargas@chapman.org,2025-02-08 09:46:00,Unknown,0.0,inactive,0.0,average,236.0,2023-01-02 00:00:00,"87807 Kayla Glens, Autumnmouth",,,,,,,,,,,,,,,87807,Autumnmouth,Unknown
58,Eric Holmes ,18,Male,57.0,+14219273279,West Tricia,Unknown,2001-03-13 12:56:00,Unknown,80.0,pending,0.0,  excellent  ,160.0,2020-05-21 00:00:00,"682 Vasquez Expressway Suite 699, West Nicolechester","['recognize', 'between']",5.0,2.0,2.0,"['image', 'leg']",5.0,1178.0,1209.0,laptop,Lenovo,2021.0,phone,Xiaomi,2020.0,Unknown,West Nicolechester,Unknown
59,Nathan Melendez,20,Female,75.0,+2671082545,Wheelerport,Unknown,1971-06-20 00:00:00,Data Science,0.0,active,0.0,average,65.0,1970-09-19 00:00:00,"Apartment 9, Laurabury district, Tashkent, UZ, 100798",,,,,,,,,,,,,,,100798,Tashkent, Laurabury district
60,Brett Cabrera,0,Unknown,0.0,Unknown,Port Carlos,Unknown,,Unknown,0.0,active,0.0,excellent,12100.0,1972-01-29 00:00:00,"East Elizabethhaven 9-kv, dom 15, Tashkent",,,,,,,,,,,,,,,Unknown,Tashkent,Unknown
61,William Moore,0,Female,93.0,+5428357188,Port Juanland,Unknown,2010-05-07 00:00:00,Data Science,0.0,inactive,3.2,average,5000.0,1983-06-05 05:46:56,"6258 Gordon Road, Smithshire","['painting', 'kid']",1.0,4.0,2.0,"['fill', 'growth']",5.0,964.0,1178.0,laptop,Lenovo,2017.0,phone,Samsung,2024.0,Unknown,Smithshire,Unknown
62,Margaret Lopez,20,Male,0.0,+5189848100,East Caitlinfurt,Unknown,1980-02-04 04:04:00,Unknown,0.0,active,4.07,None,18300.0,,"BROKEN,ADDRESS,DATA,,,","['others', 'one']",3.0,5.0,2.0,"['enjoy', 'test']",5.0,946.0,741.0,laptop,HP,2024.0,phone,Samsung,2018.0,Unknown,Unknown,Unknown
63,William Olsen ,22,Female,0.0,+12075891183,East Sophia,Unknown,1995-11-13 00:00:00,Unknown,0.0,inactive,3.72,excellent,138.0,1999-04-21 00:00:00,"9057 Griffin Heights, Rasmussenside",,,,,,,,,,,,,,,Unknown,Rasmussenside,Unknown
64,Unknown,19,Unknown,0.0,Unknown,Christopherborough,Unknown,2014-12-15 00:00:00,Python,0.0,active,0.0,good,97.0,2011-04-16 00:00:00,"BROKEN,ADDRESS,DATA,,,","['stock', 'management']",3.0,5.0,1.0,"['move', 'bar']",3.0,786.0,987.0,laptop,HP,2020.0,phone,Samsung,2018.0,Unknown,Unknown,Unknown
65,Randall Heath ,18,Male,0.0,+3463736033,Deleonside,Unknown,,Unknown,65.0,pending,0.0,average,105.0,1985-10-02 00:00:00,"Apartment 7, Lutzfort district, Tashkent, UZ, 100220","['position', 'stuff']",3.0,4.0,1.0,"['two', 'economy']",5.0,527.0,408.0,laptop,HP,2021.0,phone,Xiaomi,2023.0,100220,Tashkent, Lutzfort district
66,Unknown,20,Male,0.0,+1149895033,North Markbury,nrichard@carney.com,2012-03-29 00:00:00,Unknown,99.0,inactive,0.0,average,27400.0,2016-12-24 09:42:22,"67890 Conrad Walks, East Tannermouth","['shake', 'behind']",3.0,4.0,5.0,"['what', 'happy']",5.0,1227.0,564.0,laptop,Dell,2017.0,phone,Apple,2019.0,67890,East Tannermouth,Unknown
67,Ashley Mills,0,Female,0.0,Unknown,Youngside,Unknown,2012-07-27 00:00:00,Unknown,0.0,pending,0.0,excellent,276.0,1991-06-04 04:44:47,"BROKEN,ADDRESS,DATA,,,","['share', 'fly']",2.0,5.0,3.0,"['floor', 'question']",0.0,1427.0,1378.0,laptop,Lenovo,2017.0,phone,Xiaomi,2022.0,Unknown,Unknown,Unknown
68,John Rosario ,18,Female,82.0,+7590895599,Belindabury,Unknown,1971-07-20 08:45:22,Unknown,0.0,inactive,0.0,good,190.0,1990-08-02 14:57:53,"Apartment 1, North Adammouth district, Tashkent, UZ, 100059","['result', 'current']",3.0,1.0,4.0,"['return', 'address']",5.0,1037.0,1043.0,laptop,HP,2021.0,phone,Apple,2022.0,100059,Tashkent, North Adammouth district
69,Unknown,21,Unknown,0.0,Unknown,Jenniferfort,Unknown,,Data Science,0.0,inactive,0.0,average,209.0,2001-08-11 00:00:00,"BROKEN,ADDRESS,DATA,,,",,,,,,,,,,,,,,,Unknown,Unknown,Unknown
70,Unknown,18,Female,66.0,+9773285987,Lake Josephville,nathaniel54@lloyd.biz,2002-10-31 12:03:00,Unknown,0.0,pending,0.0,  excellent  ,88.0,2012-06-13 19:49:00,"Port Lisa 17-kv, dom 46, Tashkent","['ahead', 'force']",5.0,1.0,1.0,"['where', 'responsibility']",5.0,658.0,561.0,laptop,Lenovo,2022.0,phone,Apple,2023.0,Unknown,Tashkent,Unknown
71,Robert Hayes,0,Male,0.0,+7804085623,Tabithafurt,teresa05@collins.biz,,Unknown,63.0,pending,0.0,  excellent  ,10300.0,1996-09-27 00:00:00,"Benitezmouth 14-kv, dom 38, Tashkent","['lead', 'toward']",1.0,2.0,3.0,"['through', 'water']",5.0,494.0,1415.0,laptop,HP,2018.0,phone,Xiaomi,2019.0,Unknown,Tashkent,Unknown
72,William Weiss ,0,Unknown,78.0,+3361875307,Williamfort,Unknown,,Data Science,0.0,active,0.0,None,5700.0,1977-11-15 00:00:00,"313 Ayala Point, East Nicholas",,,,,,,,,,,,,,,Unknown,East Nicholas,Unknown
73,Unknown,18,Female,0.0,Unknown,Smithville,scampbell@mendez.biz,1993-12-18 00:00:00,Unknown,0.0,inactive,3.19,good,117.0,2001-05-06 00:00:00,"BROKEN,ADDRESS,DATA,,,",,,,,,,,,,,,,,,Unknown,Unknown,Unknown
74,Brandi Reed,18,Male,0.0,Unknown,Port Randallberg,Unknown,1990-09-05 00:00:00,Python,89.0,pending,0.0,excellent,176.0,2013-07-28 22:26:51,"BROKEN,ADDRESS,DATA,,,",,,,,,,,,,,,,,,Unknown,Unknown,Unknown
75,Unknown,22,Female,98.0,+0019936950828,East Shelly,lsmith@gmail.com,,Unknown,0.0,active,2.71,average,200.0,2006-03-02 10:39:00,"BROKEN,ADDRESS,DATA,,,","['dark', 'exist']",5.0,1.0,4.0,"['store', 'position']",0.0,294.0,207.0,laptop,Lenovo,2021.0,phone,Samsung,2019.0,Unknown,Unknown,Unknown
76,Anthony Hendricks ,0,Unknown,0.0,+17956166147,Figueroamouth,Unknown,2000-07-19 00:00:00,Data Science,0.0,inactive,0.0,None,117.0,,UZ 100760 Tashkent Millermouth,,,,,,,,,,,,,,,100760,Unknown,Unknown
77,Alexa Sanders,21,Male,73.0,+3477475643,Lake Randymouth,johnsonchelsea@yahoo.com,1986-12-20 00:00:00,Data Science,0.0,active,0.0,  excellent  ,25600.0,2021-07-18 00:00:00,"034 Cooley Way, East Ian",,,,,,,,,,,,,,,Unknown,East Ian,Unknown
78,Unknown,18,Male,95.0,Unknown,Romeroville,Unknown,2017-12-25 12:00:00,Unknown,0.0,active,0.0,good,217.0,1989-02-04 00:00:00,"BROKEN,ADDRESS,DATA,,,",,,,,,,,,,,,,,,Unknown,Unknown,Unknown
79,Garrett Taylor ,0,Female,0.0,+0017688655394,Martinezfort,Unknown,2005-11-18 17:34:28,Unknown,89.0,active,0.0,  excellent  ,225.0,1974-11-07 16:09:00,UZ 100510 Tashkent Andrewmouth,,,,,,,,,,,,,,,100510,Unknown,Unknown
80,Brandy Gray,19,Male,0.0,+12947806766,Andrewborough,ballen@barber-saunders.com,1986-04-11 00:00:00,Data Science,0.0,active,4.49,average,266.0,2025-07-12 00:00:00,UZ 100622 Tashkent Aarontown,,,,,,,,,,,,,,,100622,Unknown,Unknown
81,Donna Scott ,19,Female,0.0,+16075366003,Lake Timfort,alicia71@robles.com,1996-11-30 17:12:35,Unknown,0.0,active,0.0,  excellent  ,65.0,2015-03-29 18:51:00,UZ 100720 Tashkent Lake Hollytown,,,,,,,,,,,,,,,100720,Unknown,Unknown
82,Karen Baker MD ,0,Female,60.0,Unknown,Kristinabury,paul48@brown.com,1974-09-10 00:00:00,Data Science,0.0,active,0.0,average,68.0,,UZ 100855 Tashkent Lake Tyler,"['garden', 'possible']",1.0,4.0,4.0,"['after', 'similar']",4.0,349.0,536.0,laptop,Dell,2019.0,phone,Samsung,2022.0,100855,Unknown,Unknown
83,Unknown,18,Unknown,0.0,+9768338760,Ayershaven,Unknown,1995-04-15 05:21:46,Unknown,0.0,inactive,0.0,good,172.0,2000-09-03 00:00:00,"Apartment 18, Tarafurt district, Tashkent, UZ, 100739","['actually', 'commercial']",1.0,3.0,5.0,"['example', 'defense']",1.0,1111.0,456.0,laptop,HP,2023.0,phone,Apple,2023.0,100739,Tashkent, Tarafurt district
84,Michael Jenkins ,18,Female,68.0,+8644135870,New Brenda,mcolon@gmail.com,2002-11-25 00:00:00,Unknown,0.0,inactive,0.0,average,284.0,2008-04-09 00:00:00,"BROKEN,ADDRESS,DATA,,,","['collection', 'single']",4.0,4.0,1.0,"['expect', 'fall']",5.0,675.0,1465.0,laptop,Dell,2020.0,phone,Apple,2019.0,Unknown,Unknown,Unknown
85,Unknown,21,Male,75.0,+0010925477688,New Nicoleside,Unknown,1996-10-08 21:47:00,Data Science,0.0,inactive,0.0,  excellent  ,9500.0,1994-05-31 00:00:00,"33084 Williams Point, Jesusborough",,,,,,,,,,,,,,,33084,Jesusborough,Unknown
86,Mario Ramirez,22,Unknown,0.0,Unknown,Deannachester,Unknown,,Unknown,0.0,pending,0.0,None,11100.0,1984-03-09 07:06:32,"BROKEN,ADDRESS,DATA,,,",,,,,,,,,,,,,,,Unknown,Unknown,Unknown
87,Kyle Doyle,0,Unknown,0.0,Unknown,Powersland,Unknown,2001-11-27 00:00:00,Data Science,0.0,inactive,0.0,None,66.0,2016-05-02 00:00:00,"South Jacobview 25-kv, dom 42, Tashkent","['example', 'break']",3.0,4.0,3.0,"['PM', 'structure']",4.0,491.0,426.0,laptop,Lenovo,2024.0,phone,Xiaomi,2018.0,Unknown,Tashkent,Unknown
88,Hannah Montes,21,Unknown,0.0,Unknown,South Thomas,Unknown,2008-07-18 06:10:35,Unknown,68.0,active,3.81,None,110.0,,UZ 100240 Tashkent Charlesshire,"['dream', 'forward']",5.0,5.0,2.0,"['like', 'clear']",5.0,626.0,1045.0,laptop,Dell,2018.0,phone,Apple,2023.0,100240,Unknown,Unknown
89,James Weaver ,22,Female,0.0,+4800269976,West Jonathan,Unknown,2000-04-09 11:39:29,Python,0.0,pending,0.0,None,149.0,,"Apartment 8, South Christina district, Tashkent, UZ, 100031","['anything', 'catch']",1.0,2.0,2.0,"['like', 'how']",4.0,503.0,394.0,laptop,Dell,2019.0,phone,Apple,2020.0,100031,Tashkent, South Christina district
90,Johnny Nguyen ,20,Male,0.0,Unknown,West Henrymouth,sherrimanning@gmail.com,2004-08-30 00:00:00,Unknown,0.0,inactive,0.0,  excellent  ,288.0,2003-03-15 05:06:48,"BROKEN,ADDRESS,DATA,,,",,,,,,,,,,,,,,,Unknown,Unknown,Unknown
91,Barry Cooper,0,Unknown,82.0,+0016760178005,Georgeshire,Unknown,2018-05-23 00:00:00,Unknown,0.0,active,2.48,  excellent  ,283.0,1997-11-24 00:00:00,"Apartment 15, North Nicholas district, Tashkent, UZ, 100716",,,,,,,,,,,,,,,100716,Tashkent, North Nicholas district
92,Peter Rogers,18,Female,0.0,Unknown,Tonytown,Unknown,1971-12-22 21:02:00,Unknown,0.0,active,0.0,  excellent  ,260.0,1997-07-15 00:00:00,"East Joshuaton 6-kv, dom 44, Tashkent",,,,,,,,,,,,,,,Unknown,Tashkent,Unknown
93,Samantha Garcia,0,Unknown,0.0,Unknown,Port Jeremyburgh,Unknown,,Data Science,89.0,pending,0.0,  excellent  ,195.0,2017-01-31 00:00:00,"BROKEN,ADDRESS,DATA,,,",,,,,,,,,,,,,,,Unknown,Unknown,Unknown
94,Unknown,21,Female,0.0,Unknown,West Bryanburgh,Unknown,2015-09-14 00:00:00,Unknown,0.0,pending,3.72,good,51.0,1995-10-29 00:00:00,"3646 Micheal Place, Port Douglas","['fly', 'me']",5.0,1.0,3.0,"['ago', 'per']",2.0,1215.0,272.0,laptop,HP,2022.0,phone,Xiaomi,2020.0,Unknown,Port Douglas,Unknown
95,Unknown,19,Male,82.0,Unknown,Leechester,Unknown,2012-11-23 00:00:00,Data Science,0.0,pending,4.44,good,144.0,1987-03-21 11:08:51,"BROKEN,ADDRESS,DATA,,,",,,,,,,,,,,,,,,Unknown,Unknown,Unknown
96,Joel Cantrell ,18,Female,91.0,+6998687229,Duncanshire,john55@cox-horne.org,1984-10-14 00:00:00,Unknown,0.0,inactive,0.0,average,295.0,1971-02-21 00:00:00,"902 Wiggins Mill, East Susan","['skill', 'continue']",1.0,5.0,4.0,"['actually', 'condition']",3.0,1454.0,391.0,laptop,HP,2023.0,phone,Apple,2020.0,Unknown,East Susan,Unknown
97,Unknown,19,Unknown,0.0,Unknown,Port Donald,Unknown,1985-11-17 11:43:00,Unknown,0.0,pending,0.0,  excellent  ,106.0,1973-10-17 05:45:10,UZ 100535 Tashkent South Jasonfurt,,,,,,,,,,,,,,,100535,Unknown,Unknown
98,Kathy Massey,0,Female,0.0,+0019434844684,Eddiefort,Unknown,1978-04-22 07:43:00,Unknown,0.0,inactive,0.0,average,251.0,2002-05-04 00:00:00,UZ 100126 Tashkent South Teresafurt,,,,,,,,,,,,,,,100126,Unknown,Unknown
99,Christopher Williams,22,Male,0.0,+11363137124,Meganfort,Unknown,,Unknown,0.0,active,0.0,average,265.0,1992-01-07 00:00:00,"BROKEN,ADDRESS,DATA,,,","['never', 'agent']",5.0,4.0,3.0,"['necessary', 'billion']",2.0,1201.0,1493.0,laptop,Lenovo,2024.0,phone,Xiaomi,2024.0,Unknown,Unknown,Unknown
100,Unknown,18,Unknown,91.0,+12117688641,West Jacqueline,Unknown,,Unknown,0.0,pending,0.0,  excellent  ,145.0,,UZ 100196 Tashkent West Dawnport,"['Mrs', 'director']",4.0,1.0,2.0,"['need', 'relationship']",4.0,281.0,791.0,laptop,Dell,2015.0,phone,Xiaomi,2022.0,100196,Unknown,Unknown
101,Sharon Rodriguez,18,Male,93.0,Unknown,Tammytown,Unknown,1990-05-01 02:46:14,Unknown,0.0,pending,0.0,  excellent  ,169.0,2009-11-18 03:15:00,"4414 Jessica Mountains Apt. 231, Evansfort","['watch', 'movement']",4.0,5.0,4.0,"['morning', 'garden']",3.0,1483.0,283.0,laptop,HP,2018.0,phone,Samsung,2022.0,Unknown,Evansfort,Unknown
102,Gary Allison ,18,Unknown,0.0,+0526390071,Michaelmouth,Unknown,1985-09-26 10:21:00,Python,0.0,pending,0.0,good,26100.0,2007-12-22 20:55:40,"BROKEN,ADDRESS,DATA,,,","['always', 'wife']",2.0,3.0,1.0,"['several', 'federal']",5.0,744.0,1338.0,laptop,Dell,2016.0,phone,Samsung,2020.0,Unknown,Unknown,Unknown
103,Barbara Goodman ,0,Female,0.0,Unknown,West Sergiochester,emilycarson@hotmail.com,,Unknown,0.0,pending,0.0,  excellent  ,189.0,1986-05-30 00:00:00,"BROKEN,ADDRESS,DATA,,,","['final', 'son']",5.0,5.0,4.0,"['process', 'include']",0.0,1376.0,1070.0,laptop,Lenovo,2018.0,phone,Samsung,2019.0,Unknown,Unknown,Unknown
104,Melissa Crane,20,Female,81.0,+4090363015,Colemanland,Unknown,1970-12-20 00:00:00,Unknown,0.0,active,0.0,good,198.0,2004-04-12 23:36:00,UZ 100349 Tashkent New Heather,"['none', 'child']",3.0,3.0,4.0,"['community', 'sound']",1.0,361.0,403.0,laptop,HP,2016.0,phone,Xiaomi,2023.0,100349,Unknown,Unknown
105,Unknown,19,Female,77.0,Unknown,Lake Jerry,davidsavage@yahoo.com,,Unknown,0.0,inactive,0.0,average,85.0,,"West Billy 17-kv, dom 10, Tashkent","['plan', 'why']",4.0,3.0,4.0,"['administration', 'the']",3.0,282.0,598.0,laptop,Dell,2022.0,phone,Samsung,2022.0,Unknown,Tashkent,Unknown
106,Jeanette Harmon ,20,Unknown,81.0,+2956182527,Bowerschester,Unknown,,Data Science,82.0,active,0.0,  excellent  ,23500.0,,"Apartment 32, Port Kyleburgh district, Tashkent, UZ, 100452",,,,,,,,,,,,,,,100452,Tashkent, Port Kyleburgh district
107,Unknown,20,Female,89.0,Unknown,Port Bonniestad,christinaclark@hotmail.com,1982-02-17 00:00:00,Unknown,0.0,inactive,0.0,  excellent  ,192.0,,"New Amber 19-kv, dom 4, Tashkent",,,,,,,,,,,,,,,Unknown,Tashkent,Unknown
108,Jennifer Phelps ,21,Female,0.0,+3139920889,Toddstad,Unknown,1997-03-27 20:53:00,Unknown,0.0,inactive,0.0,good,18300.0,1972-01-20 22:38:21,"30197 Mary Fork, South Brittany",,,,,,,,,,,,,,,30197,South Brittany,Unknown
109,Toni Mcdonald,22,Unknown,61.0,+3625226895,New Paulton,Unknown,1982-01-02 00:00:00,Unknown,0.0,pending,0.0,  excellent  ,220.0,2018-02-18 00:00:00,UZ 100223 Tashkent Port David,,,,,,,,,,,,,,,100223,Unknown,Unknown
110,Unknown,19,Male,0.0,+6612351246,West Justinborough,Unknown,1990-07-16 00:00:00,Data Science,0.0,inactive,3.19,good,210.0,1993-07-15 00:00:00,"BROKEN,ADDRESS,DATA,,,",,,,,,,,,,,,,,,Unknown,Unknown,Unknown
111,Justin Bell ,21,Male,70.0,+5027077552,Fullerland,Unknown,2011-06-29 05:58:09,Python,0.0,inactive,0.0,good,252.0,2021-07-05 20:20:00,"BROKEN,ADDRESS,DATA,,,","['despite', 'result']",3.0,2.0,4.0,"['sound', 'until']",1.0,1321.0,825.0,laptop,Dell,2024.0,phone,Xiaomi,2018.0,Unknown,Unknown,Unknown
112,Unknown,20,Female,81.0,Unknown,New Emilytown,Unknown,,Unknown,0.0,pending,3.56,good,200.0,2020-06-15 00:00:00,"BROKEN,ADDRESS,DATA,,,","['song', 'chance']",4.0,3.0,3.0,"['concern', 'evidence']",5.0,1473.0,226.0,laptop,Lenovo,2017.0,phone,Samsung,2022.0,Unknown,Unknown,Unknown
113,Joseph Burton ,21,Unknown,0.0,Unknown,East Saraville,shannon36@york-vargas.com,1989-02-18 05:14:00,Data Science,0.0,pending,0.0,good,27000.0,1984-08-15 00:00:00,"Apartment 19, Scotthaven district, Tashkent, UZ, 100170","['he', 'magazine']",5.0,4.0,3.0,"['resource', 'late']",3.0,945.0,632.0,laptop,HP,2022.0,phone,Samsung,2018.0,100170,Tashkent, Scotthaven district
114,Unknown,22,Unknown,78.0,+5404929940,Hallton,Unknown,1982-01-17 06:40:00,Data Science,0.0,inactive,3.72,None,289.0,2005-07-24 00:00:00,UZ 100075 Tashkent Boothtown,"['degree', 'two']",4.0,3.0,1.0,"['front', 'change']",2.0,1402.0,1448.0,laptop,Dell,2023.0,phone,Xiaomi,2024.0,100075,Unknown,Unknown
115,Thomas Meyer,20,Female,76.0,Unknown,East Robert,pparker@peters-hall.com,2004-06-19 00:00:00,Unknown,0.0,pending,0.0,None,148.0,1993-12-03 04:42:51,"Apartment 5, Fosterside district, Tashkent, UZ, 100730",,,,,,,,,,,,,,,100730,Tashkent, Fosterside district
116,Susan Bowen,20,Female,50.0,+3063198751,Port Traceyton,Unknown,,Unknown,0.0,pending,0.0,  excellent  ,170.0,2018-04-19 07:18:46,"9072 Pratt Summit Suite 990, South Jason","['send', 'parent']",4.0,4.0,2.0,"['care', 'fly']",3.0,330.0,788.0,laptop,HP,2022.0,phone,Xiaomi,2024.0,Unknown,South Jason,Unknown
117,Richard Burton,21,Unknown,0.0,Unknown,Catherineview,Unknown,1978-06-06 00:00:00,Unknown,0.0,inactive,0.0,good,17200.0,2021-07-25 00:00:00,"BROKEN,ADDRESS,DATA,,,","['although', 'at']",4.0,2.0,4.0,"['simple', 'fire']",1.0,993.0,869.0,laptop,Lenovo,2016.0,phone,Apple,2018.0,Unknown,Unknown,Unknown
118,Andrew Taylor ,0,Unknown,80.0,+8448413465,Marvinmouth,Unknown,2010-06-30 00:00:00,Python,0.0,pending,0.0,None,79.0,,"392 Christopher Center, Port Lindseyfort","['research', 'keep']",5.0,4.0,3.0,"['recently', 'her']",4.0,1157.0,606.0,laptop,Lenovo,2021.0,phone,Samsung,2022.0,Unknown,Port Lindseyfort,Unknown
119,Unknown,22,Female,0.0,+16213546546,Port Andrew,sharonbrooks@hotmail.com,1995-01-18 00:00:00,Python,0.0,active,0.0,  excellent  ,61.0,,"Barryborough 13-kv, dom 6, Tashkent","['think', 'establish']",2.0,2.0,2.0,"['stop', 'modern']",2.0,335.0,1288.0,laptop,Dell,2019.0,phone,Apple,2024.0,Unknown,Tashkent,Unknown
120,Raymond Stewart ,18,Unknown,76.0,Unknown,Alexanderhaven,Unknown,2015-01-01 19:00:00,Unknown,0.0,active,0.0,good,7300.0,1990-08-02 00:00:00,"BROKEN,ADDRESS,DATA,,,","['loss', 'own']",2.0,1.0,5.0,"['foot', 'town']",5.0,593.0,527.0,laptop,Lenovo,2016.0,phone,Apple,2018.0,Unknown,Unknown,Unknown
121,Andrew Mcdowell,18,Unknown,0.0,+6519073802,Isaacshire,Unknown,2022-10-05 00:00:00,Data Science,0.0,pending,0.0,None,194.0,1970-06-16 00:00:00,"BROKEN,ADDRESS,DATA,,,",,,,,,,,,,,,,,,Unknown,Unknown,Unknown
122,Glenn Jordan,21,Female,0.0,+2461618310,Jonesbury,Unknown,1975-08-05 14:03:00,Unknown,0.0,inactive,1.55,None,152.0,1970-05-11 00:00:00,"BROKEN,ADDRESS,DATA,,,","['manage', 'senior']",1.0,1.0,3.0,"['artist', 'bit']",4.0,1201.0,902.0,laptop,HP,2020.0,phone,Samsung,2019.0,Unknown,Unknown,Unknown
123,Chelsea Thomas ,18,Female,71.0,Unknown,New Hayleymouth,Unknown,1973-06-16 00:00:00,Unknown,0.0,pending,0.0,good,58.0,1979-02-26 00:00:00,"55540 Wilson Islands, West Steventon",,,,,,,,,,,,,,,55540,West Steventon,Unknown
124,Unknown,0,Male,0.0,Unknown,Lake Denisemouth,Unknown,1994-04-23 00:00:00,Data Science,0.0,pending,0.0,average,199.0,2024-11-01 00:00:00,"East Andrewshire 1-kv, dom 31, Tashkent",,,,,,,,,,,,,,,Unknown,Tashkent,Unknown
125,Unknown,0,Unknown,0.0,+18445818285,Joneston,Unknown,2004-06-24 00:00:00,Unknown,0.0,active,0.0,excellent,174.0,1977-02-20 00:00:00,UZ 100418 Tashkent West Angelafort,"['worker', 'rise']",4.0,2.0,4.0,"['debate', 'chair']",4.0,668.0,1032.0,laptop,Lenovo,2023.0,phone,Xiaomi,2019.0,100418,Unknown,Unknown
126,Mark Scott ,21,Unknown,79.0,+3599961128,Port Carolyn,Unknown,2008-05-21 00:00:00,Data Science,87.0,pending,0.0,excellent,299.0,1993-10-25 10:56:20,"BROKEN,ADDRESS,DATA,,,","['bed', 'agree']",2.0,1.0,1.0,"['town', 'expect']",4.0,431.0,751.0,laptop,HP,2024.0,phone,Xiaomi,2023.0,Unknown,Unknown,Unknown
127,Lindsey Jacobs,20,Unknown,81.0,Unknown,Bushmouth,Unknown,1993-07-10 00:00:00,Data Science,87.0,pending,0.0,  excellent  ,293.0,,"Apartment 41, Lake Patriciaborough district, Tashkent, UZ, 100625",,,,,,,,,,,,,,,100625,Tashkent, Lake Patriciaborough district
128,Michael Gay ,20,Male,83.0,+5800476884,East Carlaville,Unknown,2017-02-19 00:00:00,Unknown,0.0,active,0.0,None,286.0,1983-09-03 00:00:00,UZ 100183 Tashkent Padillaborough,"['campaign', 'create']",1.0,2.0,4.0,"['coach', 'support']",3.0,676.0,844.0,laptop,HP,2022.0,phone,Xiaomi,2023.0,100183,Unknown,Unknown
129,Jeffrey Murphy ,19,Female,88.0,+17716853844,North Jessica,Unknown,2004-03-22 15:35:33,Unknown,0.0,pending,0.0,good,222.0,2007-02-01 00:00:00,"1902 William Causeway Apt. 941, South Melissa",,,,,,,,,,,,,,,Unknown,South Melissa,Unknown
130,Tamara Nguyen ,22,Female,0.0,Unknown,South Nathanberg,Unknown,2001-10-10 09:28:00,Unknown,63.0,inactive,0.0,None,228.0,,"Apartment 22, Gillside district, Tashkent, UZ, 100582",,,,,,,,,,,,,,,100582,Tashkent, Gillside district
131,Maxwell Dickson,18,Female,100.0,+5665036519,West Ricardo,Unknown,2001-11-14 05:57:00,Unknown,0.0,pending,0.0,  excellent  ,205.0,1974-11-13 00:00:00,"BROKEN,ADDRESS,DATA,,,",,,,,,,,,,,,,,,Unknown,Unknown,Unknown
132,Unknown,19,Female,0.0,+0017958171695,West Jacobmouth,Unknown,1981-03-22 00:00:00,Unknown,87.0,pending,0.0,good,29000.0,1974-05-24 00:00:00,"BROKEN,ADDRESS,DATA,,,","['vote', 'poor']",4.0,4.0,2.0,"['far', 'safe']",1.0,961.0,1331.0,laptop,Dell,2016.0,phone,Apple,2021.0,Unknown,Unknown,Unknown
133,Unknown,20,Female,79.0,+0012941338991,Whiteburgh,Unknown,1995-02-20 00:05:00,Unknown,0.0,inactive,0.0,  excellent  ,142.0,,UZ 100829 Tashkent Robertton,,,,,,,,,,,,,,,100829,Unknown,Unknown
134,Unknown,21,Unknown,77.0,Unknown,Woodmouth,Unknown,1987-08-24 07:42:43,Unknown,0.0,pending,0.0,good,9400.0,2010-04-14 10:07:00,"Apartment 50, North Daniel district, Tashkent, UZ, 100874",,,,,,,,,,,,,,,100874,Tashkent, North Daniel district
135,Victoria Davidson ,0,Unknown,92.0,+4999482352,Jessicatown,Unknown,1981-11-05 00:00:00,Unknown,0.0,inactive,0.0,average,12900.0,1974-02-15 00:00:00,"Apartment 10, Port Brittney district, Tashkent, UZ, 100582","['catch', 'interesting']",5.0,2.0,2.0,"['environment', 'understand']",0.0,1007.0,1457.0,laptop,Lenovo,2021.0,phone,Samsung,2019.0,100582,Tashkent, Port Brittney district
136,Thomas Dillon,20,Female,50.0,+2291253095,Zhangbury,Unknown,2022-10-23 00:00:00,Unknown,77.0,inactive,0.0,excellent,126.0,2023-09-22 11:14:57,UZ 100820 Tashkent West John,"['born', 'quality']",3.0,1.0,3.0,"['positive', 'shoulder']",1.0,1346.0,1186.0,laptop,HP,2017.0,phone,Samsung,2022.0,100820,Unknown,Unknown
137,Dylan Rodriguez ,0,Unknown,75.0,Unknown,North Luketown,Unknown,2001-04-21 22:30:00,Unknown,0.0,inactive,0.0,None,154.0,,"Apartment 40, Jonesborough district, Tashkent, UZ, 100895","['bed', 'customer']",5.0,1.0,4.0,"['various', 'son']",4.0,1009.0,1110.0,laptop,Lenovo,2020.0,phone,Apple,2019.0,100895,Tashkent, Jonesborough district
138,Brianna Wong,0,Unknown,87.0,Unknown,Sototon,Unknown,,Python,0.0,inactive,0.0,excellent,111.0,1998-09-03 00:00:00,"BROKEN,ADDRESS,DATA,,,","['sea', 'guy']",4.0,5.0,2.0,"['past', 'during']",4.0,1344.0,1336.0,laptop,Dell,2024.0,phone,Samsung,2019.0,Unknown,Unknown,Unknown
139,Unknown,22,Unknown,0.0,+4746413490,Georgestad,kgreen@ortega.com,2015-08-19 00:00:00,Unknown,0.0,inactive,0.0,None,86.0,1975-03-29 00:00:00,UZ 100502 Tashkent West Jennifer,"['every', 'small']",3.0,2.0,5.0,"['green', 'there']",4.0,496.0,1240.0,laptop,Dell,2017.0,phone,Samsung,2021.0,100502,Unknown,Unknown
140,Ann Young,20,Unknown,0.0,+3056901742,North Leestad,Unknown,,Unknown,0.0,active,0.0,  excellent  ,171.0,1984-02-01 14:56:00,"Apartment 50, Kimberlychester district, Tashkent, UZ, 100258",,,,,,,,,,,,,,,100258,Tashkent, Kimberlychester district
141,Zachary Thornton,20,Unknown,0.0,+4622735066,Stephensonfurt,Unknown,1981-01-03 19:15:00,Unknown,0.0,pending,0.0,None,218.0,1994-11-04 00:00:00,UZ 100077 Tashkent Aguilarmouth,"['order', 'hour']",5.0,4.0,1.0,"['smile', 'check']",1.0,903.0,373.0,laptop,Lenovo,2017.0,phone,Apple,2023.0,100077,Unknown,Unknown
142,David Graves ,0,Female,0.0,+5966273929,South Johnshire,Unknown,,Data Science,0.0,active,0.0,None,162.0,1982-10-27 00:00:00,"Martinmouth 11-kv, dom 16, Tashkent",,,,,,,,,,,,,,,Unknown,Tashkent,Unknown
143,Unknown,20,Female,91.0,+3113824273,Byrdmouth,johnsamy@hotmail.com,2003-09-11 17:40:42,Unknown,0.0,pending,3.69,  excellent  ,112.0,2022-04-11 12:18:00,"Apartment 39, Tylerland district, Tashkent, UZ, 100293",,,,,,,,,,,,,,,100293,Tashkent, Tylerland district
144,Unknown,21,Female,63.0,+0017075309445,Paulchester,Unknown,2009-02-04 10:55:08,Data Science,0.0,pending,0.0,None,298.0,1975-05-14 09:25:00,"Lake Matthew 4-kv, dom 24, Tashkent",,,,,,,,,,,,,,,Unknown,Tashkent,Unknown
145,Unknown,18,Unknown,0.0,+9482345778,South Thomasfort,walkerlisa@hotmail.com,2006-01-10 00:00:00,Data Science,69.0,active,0.0,average,203.0,2022-09-18 00:00:00,"6231 Patrick Inlet, North Robertfurt",,,,,,,,,,,,,,,Unknown,North Robertfurt,Unknown
146,Theresa Compton,22,Female,0.0,+7035280200,New Andrew,Unknown,1985-08-23 00:00:00,Data Science,0.0,inactive,0.0,excellent,146.0,1992-05-30 00:00:00,"East Michaelport 23-kv, dom 49, Tashkent",,,,,,,,,,,,,,,Unknown,Tashkent,Unknown
147,Unknown,18,Male,0.0,+15470674434,Mitchellton,Unknown,2022-11-13 00:00:00,Unknown,0.0,inactive,0.0,good,89.0,1973-04-30 00:00:00,"Robertville 11-kv, dom 22, Tashkent",,,,,,,,,,,,,,,Unknown,Tashkent,Unknown
148,Louis Gillespie ,20,Female,0.0,Unknown,Port Marymouth,Unknown,2025-08-20 06:01:00,Unknown,0.0,inactive,0.0,average,175.0,1982-06-16 00:00:00,"Pamelaborough 22-kv, dom 11, Tashkent","['point', 'product']",4.0,4.0,2.0,"['line', 'dream']",4.0,1056.0,1038.0,laptop,Dell,2016.0,phone,Samsung,2021.0,Unknown,Tashkent,Unknown
149,Unknown,18,Male,0.0,+2662097518,Shannonhaven,Unknown,2005-08-23 00:00:00,Unknown,0.0,active,0.0,None,297.0,1980-01-05 00:00:00,"Ewingview 29-kv, dom 16, Tashkent","['possible', 'should']",1.0,4.0,5.0,"['public', 'soldier']",5.0,1435.0,1303.0,laptop,Lenovo,2022.0,phone,Apple,2021.0,Unknown,Tashkent,Unknown
150,Unknown,0,Unknown,91.0,+3967964477,Jessicaview,Unknown,,Unknown,69.0,inactive,0.0,excellent,27300.0,1992-08-10 16:01:00,"Port Beth 17-kv, dom 5, Tashkent",,,,,,,,,,,,,,,Unknown,Tashkent,Unknown
151,Natasha Mayer,20,Male,0.0,+0538532569,Millermouth,Unknown,2011-06-11 00:00:00,Data Science,0.0,active,0.0,good,173.0,2007-06-07 11:04:00,"579 Alyssa Lake, Port Sarah",,,,,,,,,,,,,,,Unknown,Port Sarah,Unknown
152,Andrew Ramirez ,20,Unknown,0.0,+10755785425,Alicialand,Unknown,2000-07-25 00:00:00,Data Science,0.0,inactive,0.0,  excellent  ,163.0,1991-08-10 03:06:00,"815 Maxwell Pike Apt. 262, Eddiemouth","['morning', 'chair']",1.0,2.0,3.0,"['way', 'level']",1.0,367.0,1052.0,laptop,Lenovo,2021.0,phone,Xiaomi,2020.0,Unknown,Eddiemouth,Unknown
153,Unknown,0,Male,0.0,Unknown,Lake Nathanport,Unknown,2015-05-12 00:00:00,Data Science,0.0,active,0.0,None,128.0,1982-07-06 04:56:00,"Frankport 5-kv, dom 9, Tashkent",,,,,,,,,,,,,,,Unknown,Tashkent,Unknown
154,Heather Meyers,21,Female,86.0,+0013981249448,East Donaldview,beverly27@martinez.com,2002-02-23 00:00:00,Unknown,87.0,pending,0.0,None,175.0,2002-12-06 00:00:00,"BROKEN,ADDRESS,DATA,,,","['represent', 'statement']",3.0,1.0,3.0,"['right', 'land']",2.0,1296.0,574.0,laptop,HP,2020.0,phone,Apple,2023.0,Unknown,Unknown,Unknown
155,John Blevins,0,Female,0.0,+0010610176352,West Alicia,Unknown,2001-02-08 19:22:00,Python,0.0,pending,0.0,None,152.0,1970-04-12 00:00:00,"Apartment 14, East Catherinechester district, Tashkent, UZ, 100015","['herself', 'long']",4.0,3.0,2.0,"['meet', 'site']",3.0,851.0,1191.0,laptop,Dell,2021.0,phone,Apple,2022.0,100015,Tashkent, East Catherinechester district
156,Unknown,0,Unknown,83.0,+4467793909,Davidshire,Unknown,2025-01-10 00:00:00,Unknown,0.0,active,0.0,average,114.0,2023-07-15 00:00:00,"Andersonfort 14-kv, dom 48, Tashkent","['economic', 'art']",4.0,2.0,5.0,"['example', 'finish']",3.0,314.0,1066.0,laptop,HP,2022.0,phone,Apple,2020.0,Unknown,Tashkent,Unknown
157,Unknown,0,Unknown,87.0,+4750325706,Jacksonmouth,Unknown,1974-01-13 22:52:00,Data Science,0.0,pending,0.0,excellent,248.0,1988-07-20 00:00:00,"19489 Bradford Hill, North Ericchester","['summer', 'go']",4.0,4.0,1.0,"['company', 'everything']",4.0,730.0,1199.0,laptop,Dell,2017.0,phone,Samsung,2024.0,19489,North Ericchester,Unknown
158,Sara Arnold,22,Male,73.0,+3856317821,Wilsonborough,Unknown,1977-10-05 16:43:00,Unknown,93.0,inactive,0.0,  excellent  ,238.0,,"BROKEN,ADDRESS,DATA,,,","['southern', 'various']",4.0,4.0,4.0,"['catch', 'action']",5.0,461.0,1135.0,laptop,Lenovo,2019.0,phone,Samsung,2021.0,Unknown,Unknown,Unknown
159,Unknown,20,Unknown,0.0,+0013833536956,North Michael,Unknown,,Unknown,70.0,pending,0.0,average,259.0,1992-07-18 18:26:00,"Apartment 29, New Hannahton district, Tashkent, UZ, 100981",,,,,,,,,,,,,,,100981,Tashkent, New Hannahton district
160,Eric Smith,21,Female,87.0,Unknown,Maryshire,Unknown,1983-04-08 10:45:00,Unknown,96.0,inactive,0.0,good,113.0,1975-04-28 00:00:00,"BROKEN,ADDRESS,DATA,,,","['identify', 'bag']",4.0,1.0,5.0,"['heavy', 'during']",4.0,420.0,723.0,laptop,Lenovo,2024.0,phone,Samsung,2024.0,Unknown,Unknown,Unknown
161,Unknown,0,Male,50.0,Unknown,Davenportshire,Unknown,2010-04-18 00:00:00,Python,84.0,pending,2.92,None,223.0,2008-12-09 00:00:00,"Apartment 21, Thomasfurt district, Tashkent, UZ, 100606","['campaign', 'and']",1.0,2.0,3.0,"['until', 'prepare']",4.0,1060.0,1281.0,laptop,Lenovo,2020.0,phone,Apple,2022.0,100606,Tashkent, Thomasfurt district
162,Ryan Jones ,0,Female,67.0,Unknown,West Saraborough,Unknown,,Unknown,0.0,active,4.35,  excellent  ,231.0,2019-12-21 00:00:00,"795 Martinez Springs, Edwardsshire",,,,,,,,,,,,,,,Unknown,Edwardsshire,Unknown
163,Ana Ruiz ,0,Male,92.0,+0560032424,Andrewston,Unknown,,Data Science,0.0,pending,3.96,None,141.0,1976-12-20 15:53:18,"3281 Kathleen Court, Port Stephenview","['animal', 'wind']",1.0,4.0,4.0,"['suggest', 'question']",2.0,225.0,1014.0,laptop,Lenovo,2016.0,phone,Xiaomi,2019.0,Unknown,Port Stephenview,Unknown
164,Thomas Cohen,21,Male,0.0,+0017629602831,Merrittport,ashleywoodard@roberts-reynolds.biz,1976-04-18 00:00:00,Data Science,0.0,pending,0.0,average,28700.0,1984-01-04 00:00:00,UZ 100220 Tashkent Lake Ronaldshire,,,,,,,,,,,,,,,100220,Unknown,Unknown
165,Donald Shields,20,Unknown,85.0,Unknown,South Katelynberg,ucaldwell@yahoo.com,2019-11-15 16:17:37,Unknown,0.0,inactive,0.0,good,277.0,2014-02-22 00:00:00,"Apartment 9, New Mariahton district, Tashkent, UZ, 100768",,,,,,,,,,,,,,,100768,Tashkent, New Mariahton district
166,Kathleen Taylor ,18,Male,0.0,+5162975629,Lake Jason,theresa17@sanchez.com,2015-02-16 17:12:41,Data Science,0.0,active,0.0,  excellent  ,226.0,1995-02-08 00:00:00,"Apartment 6, South Thomas district, Tashkent, UZ, 100972",,,,,,,,,,,,,,,100972,Tashkent, South Thomas district
167,Michael Ho ,20,Unknown,73.0,Unknown,West Timothyburgh,Unknown,,Unknown,0.0,inactive,0.0,average,266.0,,"BROKEN,ADDRESS,DATA,,,",,,,,,,,,,,,,,,Unknown,Unknown,Unknown
168,Heather Peterson,19,Male,0.0,Unknown,Cooperside,meyerjean@hotmail.com,1998-07-28 00:00:00,Unknown,98.0,inactive,0.0,  excellent  ,262.0,,"Apartment 10, Tracyborough district, Tashkent, UZ, 100253","['real', 'only']",4.0,5.0,2.0,"['performance', 'company']",0.0,375.0,914.0,laptop,Dell,2020.0,phone,Samsung,2019.0,100253,Tashkent, Tracyborough district
169,Jacob Joyce,0,Female,0.0,+7617580551,East Kristin,mitchellamy@hotmail.com,1981-02-09 00:00:00,Python,0.0,pending,0.0,None,20100.0,2019-01-29 00:00:00,UZ 100234 Tashkent West Michelle,"['according', 'particularly']",2.0,4.0,2.0,"['sort', 'pay']",2.0,953.0,266.0,laptop,Dell,2023.0,phone,Apple,2024.0,100234,Unknown,Unknown
170,Ronnie Campbell,20,Female,0.0,+4249382701,North Kathryn,Unknown,1992-04-30 00:00:00,Unknown,78.0,active,0.0,good,91.0,1997-08-08 00:00:00,UZ 100959 Tashkent Jamesfurt,"['thought', 'shoulder']",3.0,4.0,1.0,"['care', 'who']",4.0,344.0,963.0,laptop,Lenovo,2017.0,phone,Apple,2020.0,100959,Unknown,Unknown
171,Mark Torres,22,Female,0.0,Unknown,Phelpsberg,riveraalexis@lynch.com,1990-10-08 00:00:00,Data Science,0.0,active,0.0,None,278.0,1988-03-15 09:52:29,"New Cheryl 19-kv, dom 6, Tashkent","['sure', 'clearly']",3.0,3.0,3.0,"['woman', 'eye']",3.0,997.0,540.0,laptop,HP,2021.0,phone,Apple,2020.0,Unknown,Tashkent,Unknown
172,Dr. Michael Macias ,22,Male,83.0,+8943757373,New Paul,Unknown,1975-12-18 00:00:00,Unknown,0.0,inactive,0.0,None,15400.0,1988-07-25 00:00:00,"Apartment 12, Lake Michael district, Tashkent, UZ, 100053",,,,,,,,,,,,,,,100053,Tashkent, Lake Michael district
173,Allison Dyer,20,Female,64.0,Unknown,Josephchester,Unknown,2022-08-15 00:00:00,Unknown,0.0,inactive,0.0,excellent,262.0,1982-04-08 13:38:01,UZ 100683 Tashkent Valentinestad,"['commercial', 'war']",5.0,4.0,2.0,"['story', 'with']",5.0,605.0,297.0,laptop,HP,2021.0,phone,Xiaomi,2024.0,100683,Unknown,Unknown
174,Teresa Smith,18,Unknown,0.0,Unknown,New Shane,williamsdavid@woods.info,,Unknown,0.0,inactive,4.06,excellent,220.0,,"BROKEN,ADDRESS,DATA,,,",,,,,,,,,,,,,,,Unknown,Unknown,Unknown
175,Unknown,18,Female,0.0,+0014488509283,Port Dana,Unknown,,Unknown,0.0,inactive,0.0,excellent,16700.0,1972-04-19 00:00:00,"BROKEN,ADDRESS,DATA,,,","['begin', 'certain']",3.0,2.0,4.0,"['sense', 'firm']",3.0,502.0,341.0,laptop,HP,2022.0,phone,Apple,2021.0,Unknown,Unknown,Unknown
176,Brian Mcknight ,20,Female,0.0,+7731967777,South Sandra,Unknown,1998-12-14 00:00:00,Data Science,0.0,pending,0.0,good,280.0,2007-04-16 02:24:43,"South Paul 12-kv, dom 34, Tashkent","['none', 'guess']",3.0,3.0,2.0,"['computer', 'ten']",4.0,1069.0,1374.0,laptop,HP,2021.0,phone,Samsung,2023.0,Unknown,Tashkent,Unknown
177,Carlos Frazier ,18,Unknown,0.0,+0019699652517,Port Gracemouth,zrobinson@russell.biz,1999-11-28 00:00:00,Unknown,86.0,pending,0.0,  excellent  ,60.0,2014-07-30 00:00:00,"Greeneton 2-kv, dom 50, Tashkent","['relationship', 'newspaper']",2.0,3.0,3.0,"['fly', 'method']",4.0,1008.0,416.0,laptop,Lenovo,2019.0,phone,Samsung,2018.0,Unknown,Tashkent,Unknown
178,Angela Kim,0,Female,0.0,Unknown,South Crystalland,Unknown,1971-03-12 16:19:11,Data Science,0.0,active,4.19,None,183.0,,"7357 Kimberly Walks Suite 508, Port Kaylee","['require', 'administration']",4.0,5.0,5.0,"['dark', 'PM']",4.0,1246.0,745.0,laptop,Lenovo,2024.0,phone,Samsung,2022.0,Unknown,Port Kaylee,Unknown
179,Unknown,19,Unknown,69.0,+4065281696,Port Tammy,krobertson@butler.info,2016-06-03 00:00:00,Unknown,0.0,pending,0.0,good,122.0,2009-07-10 00:00:00,"Apartment 40, Peterberg district, Tashkent, UZ, 100026","['second', 'their']",5.0,1.0,3.0,"['think', 'entire']",0.0,673.0,599.0,laptop,HP,2020.0,phone,Samsung,2018.0,100026,Tashkent, Peterberg district
180,Unknown,0,Unknown,0.0,+7964847132,Janetstad,Unknown,1975-03-08 00:00:00,Python,0.0,inactive,0.0,good,157.0,,"Apartment 15, West Brian district, Tashkent, UZ, 100756","['kid', 'mention']",3.0,5.0,1.0,"['alone', 'thousand']",5.0,1346.0,952.0,laptop,HP,2017.0,phone,Xiaomi,2018.0,100756,Tashkent, West Brian district
181,Unknown,22,Female,0.0,+3783493526,Christophermouth,ssmall@reynolds-miller.com,1972-04-07 07:17:00,Python,0.0,active,0.0,  excellent  ,27600.0,2011-04-22 00:00:00,"Apartment 12, Davidtown district, Tashkent, UZ, 100617","['letter', 'many']",1.0,2.0,1.0,"['hotel', 'company']",1.0,928.0,683.0,laptop,Lenovo,2023.0,phone,Samsung,2021.0,100617,Tashkent, Davidtown district
182,Unknown,0,Unknown,69.0,+2868742963,Joshuaborough,zrodriguez@briggs.com,1999-03-11 00:47:27,Python,0.0,pending,0.0,average,294.0,,"Apartment 14, Jenniferview district, Tashkent, UZ, 100408",,,,,,,,,,,,,,,100408,Tashkent, Jenniferview district
183,Larry Pierce,0,Female,0.0,+6850065058,Tinafurt,Unknown,1981-08-01 20:54:00,Data Science,0.0,pending,0.0,average,74.0,2005-07-31 01:53:09,"Apartment 14, North Jose district, Tashkent, UZ, 100999",,,,,,,,,,,,,,,100999,Tashkent, North Jose district
184,Unknown,22,Unknown,0.0,Unknown,North Nancy,Unknown,2013-10-24 00:00:00,Unknown,0.0,inactive,0.0,None,207.0,,"Reevesside 25-kv, dom 20, Tashkent",,,,,,,,,,,,,,,Unknown,Tashkent,Unknown
185,Unknown,18,Unknown,64.0,+8865487868,Brownchester,Unknown,,Unknown,0.0,pending,0.0,  excellent  ,95.0,1977-07-30 00:00:00,"BROKEN,ADDRESS,DATA,,,","['partner', 'smile']",4.0,1.0,2.0,"['movement', 'knowledge']",2.0,674.0,715.0,laptop,HP,2021.0,phone,Samsung,2023.0,Unknown,Unknown,Unknown
186,Michael Taylor ,19,Unknown,95.0,+9172248049,South Jamie,Unknown,2024-06-13 01:04:00,Unknown,95.0,active,1.46,average,81.0,,"2870 Gamble Fall, Fordview","['foreign', 'foot']",1.0,2.0,1.0,"['themselves', 'medical']",5.0,1007.0,565.0,laptop,HP,2021.0,phone,Samsung,2021.0,Unknown,Fordview,Unknown
187,Unknown,19,Female,75.0,+0019691338568,Castromouth,trevor37@jordan.com,,Data Science,0.0,active,0.0,None,104.0,1980-04-19 00:00:00,"Apartment 13, Marymouth district, Tashkent, UZ, 100299","['population', 'instead']",1.0,2.0,1.0,"['pay', 'field']",4.0,396.0,566.0,laptop,Lenovo,2017.0,phone,Xiaomi,2018.0,100299,Tashkent, Marymouth district
188,Gregory Duffy,20,Unknown,77.0,+9342239510,New Ashleyburgh,Unknown,2002-07-06 00:00:00,Unknown,0.0,active,0.0,average,291.0,,"540 Gonzalez Junction Apt. 632, Nelsonview","['series', 'really']",1.0,2.0,2.0,"['employee', 'face']",1.0,766.0,743.0,laptop,Lenovo,2021.0,phone,Xiaomi,2023.0,Unknown,Nelsonview,Unknown
189,Jennifer Delgado ,20,Unknown,66.0,+0019288322978,Robinsonchester,Unknown,2003-02-21 14:59:00,Unknown,0.0,pending,0.0,excellent,108.0,2000-03-27 21:34:00,"New Sean 1-kv, dom 18, Tashkent",,,,,,,,,,,,,,,Unknown,Tashkent,Unknown
190,Kurt Price ,18,Female,85.0,+9560821206,Ashleyburgh,peter22@gmail.com,2022-08-08 10:00:00,Unknown,0.0,inactive,0.0,good,25600.0,1970-05-16 20:54:00,"Jonesstad 28-kv, dom 20, Tashkent","['teach', 'federal']",5.0,2.0,5.0,"['create', 'have']",2.0,419.0,744.0,laptop,Lenovo,2023.0,phone,Apple,2024.0,Unknown,Tashkent,Unknown
191,John West ,18,Unknown,0.0,Unknown,New Charles,carterjeffrey@sullivan.com,1982-11-03 11:02:00,Unknown,0.0,inactive,0.0,good,117.0,1987-09-05 00:00:00,"BROKEN,ADDRESS,DATA,,,",,,,,,,,,,,,,,,Unknown,Unknown,Unknown
192,Scott Bradley,21,Unknown,82.0,Unknown,New Patriciaborough,smallrachel@yahoo.com,1994-09-19 00:00:00,Data Science,0.0,inactive,0.0,good,100.0,2012-03-26 04:33:00,"5846 Erin Glens, Port Kristen","['them', 'clear']",4.0,4.0,4.0,"['become', 'run']",1.0,339.0,584.0,laptop,Lenovo,2017.0,phone,Xiaomi,2018.0,Unknown,Port Kristen,Unknown
193,Mrs. Kelly Turner ,0,Male,92.0,+15123659050,East Willie,Unknown,1993-09-24 00:00:00,Unknown,0.0,pending,1.12,  excellent  ,214.0,1984-07-12 09:27:50,"Apartment 28, Jillianview district, Tashkent, UZ, 100658","['inside', 'become']",4.0,2.0,3.0,"['forget', 'space']",2.0,1211.0,701.0,laptop,Lenovo,2023.0,phone,Samsung,2021.0,100658,Tashkent, Jillianview district
194,Kristen Mercer ,0,Female,86.0,+7864286152,Frankmouth,Unknown,2018-03-29 03:18:03,Data Science,0.0,inactive,0.0,None,97.0,2007-09-16 16:23:00,UZ 100904 Tashkent Xavierton,"['sport', 'office']",5.0,4.0,4.0,"['himself', 'those']",4.0,487.0,978.0,laptop,HP,2015.0,phone,Samsung,2021.0,100904,Unknown,Unknown
195,Unknown,20,Female,62.0,+0011545919657,South Christopherbury,Unknown,2025-03-18 00:00:00,Python,0.0,active,3.69,excellent,16600.0,,"8258 Kristin Place, Allenview","['base', 'either']",2.0,5.0,4.0,"['reach', 'white']",0.0,874.0,1078.0,laptop,HP,2019.0,phone,Xiaomi,2018.0,Unknown,Allenview,Unknown
196,Unknown,0,Female,65.0,+7086293145,New Virginiamouth,Unknown,2022-01-28 11:05:20,Data Science,0.0,pending,0.0,None,16000.0,,UZ 100451 Tashkent North Stephanieborough,"['again', 'wish']",1.0,2.0,4.0,"['our', 'many']",0.0,975.0,1213.0,laptop,HP,2020.0,phone,Samsung,2018.0,100451,Unknown,Unknown
197,Unknown,20,Unknown,51.0,+4053255445,Bradfordborough,Unknown,2024-10-13 19:41:04,Unknown,0.0,pending,0.0,good,209.0,,"BROKEN,ADDRESS,DATA,,,",,,,,,,,,,,,,,,Unknown,Unknown,Unknown
198,Kayla Graham,20,Female,58.0,+9533638192,Lake Christinehaven,Unknown,1994-10-17 00:00:00,Python,80.0,active,0.0,excellent,65.0,2005-03-19 00:00:00,"BROKEN,ADDRESS,DATA,,,",,,,,,,,,,,,,,,Unknown,Unknown,Unknown
199,Sheila Stafford ,18,Unknown,66.0,Unknown,Hamiltonstad,Unknown,1979-10-12 03:48:35,Data Science,0.0,inactive,0.0,excellent,146.0,1974-12-28 00:00:00,"New Josephville 1-kv, dom 23, Tashkent","['will', 'prove']",5.0,2.0,2.0,"['rather', 'reflect']",0.0,1178.0,319.0,laptop,Lenovo,2022.0,phone,Apple,2023.0,Unknown,Tashkent,Unknown
200,Tyler Ramos ,20,Female,0.0,Unknown,New Christina,michael32@williams.com,1985-02-05 00:00:00,Python,0.0,active,3.91,average,111.0,,"Michaelborough 6-kv, dom 31, Tashkent","['media', 'bill']",5.0,1.0,2.0,"['dog', 'red']",3.0,832.0,485.0,laptop,Dell,2015.0,phone,Xiaomi,2018.0,Unknown,Tashkent,Unknown
201,Unknown,20,Unknown,0.0,Unknown,Matthewtown,jamie54@patel-carter.biz,2016-02-19 00:00:00,Unknown,0.0,active,2.45,good,264.0,1981-10-17 06:37:28,"BROKEN,ADDRESS,DATA,,,",,,,,,,,,,,,,,,Unknown,Unknown,Unknown
202,Hayley Martinez ,18,Female,0.0,+9285927556,Port Paulville,Unknown,,Unknown,0.0,inactive,0.0,excellent,299.0,1988-01-27 00:00:00,UZ 100922 Tashkent East Nicholas,"['skin', 'once']",4.0,4.0,5.0,"['capital', 'note']",5.0,709.0,492.0,laptop,Lenovo,2016.0,phone,Samsung,2024.0,100922,Unknown,Unknown
203,Unknown,0,Unknown,0.0,+12493428347,Lake Robertbury,Unknown,2016-12-30 00:00:00,Unknown,0.0,inactive,0.0,good,93.0,2000-03-16 00:00:00,"094 Mark Fork, Matthewmouth","['south', 'address']",1.0,4.0,1.0,"['reflect', 'ready']",0.0,230.0,298.0,laptop,Dell,2021.0,phone,Xiaomi,2018.0,Unknown,Matthewmouth,Unknown
204,Unknown,0,Female,0.0,Unknown,Port Laurenborough,Unknown,1981-02-01 00:00:00,Unknown,0.0,inactive,0.0,good,160.0,2011-03-28 01:47:28,"Charlesburgh 23-kv, dom 41, Tashkent",,,,,,,,,,,,,,,Unknown,Tashkent,Unknown
205,Kathryn Allen ,20,Unknown,95.0,+3617700621,New Kevinton,Unknown,1977-02-10 00:00:00,Python,77.0,pending,0.0,excellent,14500.0,2019-08-10 00:00:00,"BROKEN,ADDRESS,DATA,,,","['ground', 'whether']",1.0,1.0,1.0,"['performance', 'shoulder']",4.0,958.0,999.0,laptop,Lenovo,2024.0,phone,Xiaomi,2021.0,Unknown,Unknown,Unknown
206,Tyler Wright ,20,Unknown,95.0,Unknown,Lucasland,Unknown,1972-02-09 04:43:00,Python,0.0,pending,0.0,None,6900.0,1979-09-20 09:03:00,"Apartment 42, Smithborough district, Tashkent, UZ, 100017","['child', 'yard']",4.0,4.0,4.0,"['half', 'address']",0.0,260.0,371.0,laptop,Lenovo,2017.0,phone,Samsung,2024.0,100017,Tashkent, Smithborough district
207,Stephen Gordon,21,Female,0.0,+18901791407,East Monicastad,tdonovan@hall.biz,1975-08-14 00:00:00,Data Science,0.0,pending,0.0,good,131.0,1982-08-05 00:00:00,"00705 Terrance Street Apt. 121, Christinaport","['training', 'while']",2.0,5.0,2.0,"['threat', 'off']",5.0,824.0,1000.0,laptop,HP,2016.0,phone,Apple,2022.0,00705,Christinaport,Unknown
208,Pedro Mcdaniel ,0,Male,72.0,+18981140950,Lake Linda,garciapamela@gmail.com,2018-03-09 00:00:00,Unknown,0.0,pending,1.08,average,87.0,1983-12-01 00:00:00,UZ 100020 Tashkent South Anthony,,,,,,,,,,,,,,,100020,Unknown,Unknown
209,Margaret Peters,19,Female,0.0,+7905563076,Lake Jenniferville,melissajohnston@gmail.com,2013-09-23 09:00:00,Data Science,0.0,inactive,0.0,excellent,239.0,1979-10-30 00:00:00,UZ 100583 Tashkent Robertmouth,,,,,,,,,,,,,,,100583,Unknown,Unknown
210,Unknown,0,Male,0.0,+0019172651917,New Christopher,Unknown,2022-04-12 21:36:00,Unknown,0.0,inactive,0.0,average,184.0,2010-12-22 04:56:00,"Meaganchester 4-kv, dom 34, Tashkent","['sound', 'respond']",5.0,5.0,5.0,"['author', 'join']",3.0,667.0,864.0,laptop,Dell,2024.0,phone,Apple,2019.0,Unknown,Tashkent,Unknown
211,Thomas Spence,20,Unknown,0.0,Unknown,Baileymouth,Unknown,2011-09-27 21:52:14,Python,0.0,inactive,0.0,good,257.0,2008-01-27 00:00:00,"8175 Davis Mountains, Lake James",,,,,,,,,,,,,,,Unknown,Lake James,Unknown
212,Ashley Fuller ,21,Male,70.0,+0792295034,Timothyborough,Unknown,,Unknown,0.0,active,0.0,excellent,5400.0,,"Apartment 38, Rachelport district, Tashkent, UZ, 100706","['baby', 'age']",2.0,2.0,2.0,"['after', 'production']",3.0,763.0,642.0,laptop,Lenovo,2022.0,phone,Apple,2018.0,100706,Tashkent, Rachelport district
213,Megan Lambert ,18,Male,75.0,+3559545695,New Michael,Unknown,,Unknown,0.0,pending,0.0,None,15100.0,2018-07-17 00:00:00,"Apartment 27, New Brianshire district, Tashkent, UZ, 100123","['avoid', 'action']",2.0,5.0,4.0,"['today', 'interesting']",0.0,221.0,973.0,laptop,HP,2019.0,phone,Apple,2019.0,100123,Tashkent, New Brianshire district
214,Nancy Zimmerman,22,Male,0.0,+0109807400,Matthewburgh,Unknown,2008-10-03 00:00:00,Unknown,0.0,active,0.0,None,166.0,1985-09-02 00:00:00,UZ 100413 Tashkent Perryhaven,"['force', 'half']",4.0,4.0,5.0,"['arrive', 'total']",5.0,551.0,642.0,laptop,HP,2015.0,phone,Xiaomi,2019.0,100413,Unknown,Unknown
215,Joshua Miller ,20,Female,0.0,Unknown,Port Cynthiashire,Unknown,1977-05-17 01:23:29,Data Science,0.0,inactive,0.0,average,182.0,2002-10-07 17:41:44,"3347 Huff Flats Suite 397, South Juliantown",,,,,,,,,,,,,,,Unknown,South Juliantown,Unknown
216,Unknown,20,Male,82.0,+1172224793,New Austinhaven,evansdaniel@hotmail.com,2018-08-06 08:30:00,Python,60.0,pending,0.0,excellent,242.0,2003-10-18 17:09:00,"31066 Alejandro Terrace Apt. 105, Faithhaven","['bar', 'offer']",2.0,4.0,3.0,"['morning', 'coach']",5.0,653.0,949.0,laptop,HP,2018.0,phone,Samsung,2021.0,31066,Faithhaven,Unknown
217,Unknown,21,Female,73.0,+2491041545,Jarvisview,kylerichardson@dyer.com,1985-01-31 17:46:59,Unknown,83.0,inactive,0.0,None,16200.0,,UZ 100852 Tashkent Lake Samantha,"['everybody', 'there']",2.0,2.0,1.0,"['fear', 'sell']",2.0,1291.0,814.0,laptop,HP,2023.0,phone,Apple,2019.0,100852,Unknown,Unknown
218,Unknown,19,Female,0.0,+14684277504,Jonathanton,Unknown,1990-06-20 07:38:18,Unknown,0.0,pending,0.0,  excellent  ,13300.0,2014-03-11 00:21:00,"Apartment 27, West Pamelafurt district, Tashkent, UZ, 100776",,,,,,,,,,,,,,,100776,Tashkent, West Pamelafurt district
219,John Crosby,20,Female,0.0,+9536263866,Lake Micheleside,moorebrooke@gmail.com,1994-03-16 00:00:00,Data Science,0.0,inactive,0.0,good,16900.0,1979-11-20 20:58:00,"Apartment 47, South Joshuabury district, Tashkent, UZ, 100368","['theory', 'go']",5.0,2.0,5.0,"['study', 'share']",2.0,579.0,254.0,laptop,HP,2023.0,phone,Apple,2022.0,100368,Tashkent, South Joshuabury district
220,Lance Jackson,22,Male,81.0,Unknown,Caitlinville,Unknown,2004-02-02 19:24:00,Unknown,80.0,pending,0.0,  excellent  ,127.0,1980-06-02 00:00:00,"BROKEN,ADDRESS,DATA,,,","['source', 'laugh']",2.0,3.0,5.0,"['region', 'officer']",2.0,616.0,983.0,laptop,Lenovo,2016.0,phone,Xiaomi,2018.0,Unknown,Unknown,Unknown
221,Karen Smith,0,Female,85.0,Unknown,Sarahview,Unknown,1998-06-02 00:00:00,Python,0.0,pending,3.11,excellent,141.0,,UZ 100054 Tashkent Munozshire,,,,,,,,,,,,,,,100054,Unknown,Unknown
222,Mr. Aaron Murphy ,22,Female,73.0,Unknown,North Scottmouth,Unknown,1982-05-12 00:00:00,Unknown,66.0,inactive,0.0,excellent,106.0,2023-07-12 00:00:00,"Apartment 27, South Lauren district, Tashkent, UZ, 100652",,,,,,,,,,,,,,,100652,Tashkent, South Lauren district
223,Juan Bailey,20,Unknown,77.0,Unknown,North Joshuachester,Unknown,1999-06-11 00:00:00,Data Science,85.0,active,0.0,None,251.0,1974-01-21 00:00:00,"New Jason 27-kv, dom 49, Tashkent","['open', 'full']",5.0,3.0,1.0,"['suddenly', 'opportunity']",0.0,671.0,230.0,laptop,HP,2015.0,phone,Xiaomi,2022.0,Unknown,Tashkent,Unknown
224,Randy Diaz ,0,Female,0.0,Unknown,Butlerhaven,Unknown,1992-01-03 00:00:00,Data Science,0.0,pending,0.0,excellent,77.0,2008-12-04 12:38:00,"388 Jonathan Tunnel, Claytontown","['bar', 'improve']",3.0,4.0,3.0,"['point', 'foot']",3.0,1469.0,306.0,laptop,Lenovo,2015.0,phone,Xiaomi,2020.0,Unknown,Claytontown,Unknown
225,Unknown,18,Female,0.0,+9085916827,Daltonmouth,ismith@yahoo.com,2018-03-16 00:00:00,Unknown,0.0,pending,0.0,excellent,148.0,2005-08-24 00:00:00,"1104 Sanchez Locks Apt. 466, Jonesberg",,,,,,,,,,,,,,,Unknown,Jonesberg,Unknown
226,Brett Newman,0,Unknown,73.0,+3083149187,Port Michelle,Unknown,,Data Science,0.0,active,0.0,average,25100.0,1986-01-05 00:00:00,UZ 100469 Tashkent Samanthaborough,,,,,,,,,,,,,,,100469,Unknown,Unknown
227,Stacie Hawkins,18,Unknown,84.0,Unknown,Gregoryfurt,sarah04@davis.com,,Unknown,79.0,pending,0.0,  excellent  ,292.0,2011-12-25 00:00:00,"BROKEN,ADDRESS,DATA,,,","['he', 'go']",5.0,2.0,2.0,"['a', 'physical']",2.0,563.0,739.0,laptop,Lenovo,2015.0,phone,Xiaomi,2024.0,Unknown,Unknown,Unknown
228,Ann Patterson,0,Female,0.0,Unknown,East Kristopherbury,Unknown,2013-12-10 04:01:20,Data Science,0.0,pending,0.0,average,95.0,1992-04-30 00:00:00,UZ 100020 Tashkent New Danaburgh,,,,,,,,,,,,,,,100020,Unknown,Unknown
229,Unknown,21,Male,0.0,+8355390341,New Michele,Unknown,2008-05-20 02:19:39,Unknown,0.0,inactive,0.0,good,259.0,1996-06-08 00:00:00,"Apartment 1, Webbburgh district, Tashkent, UZ, 100201","['chance', 'later']",5.0,3.0,2.0,"['dream', 'summer']",1.0,975.0,1317.0,laptop,HP,2019.0,phone,Samsung,2018.0,100201,Tashkent, Webbburgh district
230,Cesar Carr ,19,Unknown,70.0,Unknown,Port Alvin,Unknown,,Python,0.0,inactive,0.0,excellent,97.0,2014-12-04 00:00:00,"BROKEN,ADDRESS,DATA,,,","['goal', 'green']",2.0,5.0,1.0,"['democratic', 'themselves']",5.0,296.0,1311.0,laptop,Dell,2015.0,phone,Samsung,2018.0,Unknown,Unknown,Unknown
231,Unknown,22,Unknown,0.0,+15042438948,Espinozamouth,ewilliams@turner-rhodes.org,1995-08-18 00:00:00,Unknown,0.0,inactive,0.0,excellent,70.0,1980-02-12 00:00:00,"685 Tiffany Island Apt. 341, Adamhaven",,,,,,,,,,,,,,,Unknown,Adamhaven,Unknown
232,Unknown,21,Unknown,0.0,+9475433841,Crystalmouth,Unknown,2024-12-12 01:37:12,Unknown,0.0,inactive,1.22,  excellent  ,226.0,1982-03-18 22:20:00,"7335 Alex Parks Apt. 827, Gordontown","['television', 'guess']",1.0,4.0,4.0,"['even', 'career']",5.0,1142.0,1384.0,laptop,Dell,2015.0,phone,Xiaomi,2022.0,Unknown,Gordontown,Unknown
233,Shannon Floyd ,18,Unknown,0.0,+4624275971,South Heather,ytran@knapp.org,2014-02-28 00:00:00,Unknown,0.0,inactive,0.0,excellent,28700.0,2001-06-14 22:43:00,"Port Bradleyfurt 3-kv, dom 15, Tashkent","['parent', 'might']",2.0,4.0,4.0,"['part', 'size']",2.0,759.0,1025.0,laptop,Lenovo,2021.0,phone,Xiaomi,2019.0,Unknown,Tashkent,Unknown
234,Kenneth Frye,19,Male,0.0,Unknown,North Juanborough,sydney04@keith-roberson.net,2021-01-27 00:00:00,Data Science,0.0,pending,1.08,  excellent  ,141.0,2019-12-02 00:00:00,"BROKEN,ADDRESS,DATA,,,","['nothing', 'senior']",5.0,5.0,3.0,"['area', 'standard']",2.0,1191.0,1458.0,laptop,Dell,2021.0,phone,Samsung,2023.0,Unknown,Unknown,Unknown
235,Unknown,21,Female,0.0,+7882441970,North Tracy,patriciajones@hancock.com,2015-10-29 00:00:00,Data Science,0.0,active,0.0,excellent,72.0,2007-07-09 00:00:00,"BROKEN,ADDRESS,DATA,,,",,,,,,,,,,,,,,,Unknown,Unknown,Unknown
236,Unknown,0,Male,0.0,+8150895710,Melindaport,Unknown,1991-10-25 21:50:00,Data Science,0.0,pending,0.0,good,154.0,1983-03-23 00:00:00,"2195 Hamilton Turnpike Apt. 662, Gutierrezchester","['society', 'kitchen']",1.0,1.0,1.0,"['trouble', 'perform']",3.0,1255.0,1029.0,laptop,HP,2020.0,phone,Xiaomi,2022.0,Unknown,Gutierrezchester,Unknown
237,Leonard Reyes ,19,Unknown,64.0,+0012574024229,South Lorrainetown,Unknown,1995-10-08 00:00:00,Unknown,0.0,active,0.0,None,277.0,1993-04-08 00:00:00,"BROKEN,ADDRESS,DATA,,,","['sense', 'create']",4.0,5.0,2.0,"['talk', 'phone']",3.0,1314.0,816.0,laptop,Lenovo,2020.0,phone,Apple,2018.0,Unknown,Unknown,Unknown
238,Unknown,21,Male,0.0,+5334043317,Lake Ryanhaven,Unknown,1997-05-18 03:49:00,Data Science,0.0,inactive,0.0,  excellent  ,123.0,1977-12-20 00:00:00,"Apartment 4, Riddleshire district, Tashkent, UZ, 100048","['hundred', 'music']",1.0,3.0,1.0,"['live', 'garden']",3.0,490.0,1088.0,laptop,HP,2015.0,phone,Samsung,2019.0,100048,Tashkent, Riddleshire district
239,Daniel King,0,Female,0.0,+0012014518492,Russellmouth,Unknown,,Python,0.0,inactive,0.0,  excellent  ,174.0,1981-10-05 00:00:00,"BROKEN,ADDRESS,DATA,,,","['cold', 'deep']",4.0,3.0,5.0,"['term', 'light']",1.0,1398.0,576.0,laptop,HP,2015.0,phone,Apple,2023.0,Unknown,Unknown,Unknown
240,Claire Smith,20,Unknown,62.0,Unknown,Leebury,Unknown,2003-10-17 10:01:07,Data Science,0.0,active,0.0,None,25000.0,2009-12-28 21:57:36,"BROKEN,ADDRESS,DATA,,,","['close', 'ground']",4.0,1.0,1.0,"['life', 'only']",4.0,1231.0,1351.0,laptop,Lenovo,2021.0,phone,Xiaomi,2019.0,Unknown,Unknown,Unknown
241,David Grimes ,0,Male,65.0,+3824745618,East Nancymouth,ckoch@gmail.com,,Unknown,0.0,active,3.11,good,120.0,,"Apartment 24, East Pamelafurt district, Tashkent, UZ, 100917","['mean', 'that']",5.0,3.0,4.0,"['though', 'less']",2.0,1115.0,1223.0,laptop,Dell,2021.0,phone,Xiaomi,2020.0,100917,Tashkent, East Pamelafurt district
242,Unknown,19,Female,76.0,+1322439130,Port Lauren,Unknown,,Data Science,0.0,inactive,0.0,good,162.0,1993-03-10 00:00:00,"BROKEN,ADDRESS,DATA,,,","['evidence', 'tonight']",1.0,5.0,1.0,"['dream', 'each']",2.0,1337.0,794.0,laptop,HP,2020.0,phone,Xiaomi,2018.0,Unknown,Unknown,Unknown
243,Barbara Richardson,22,Unknown,0.0,+7248233305,North James,Unknown,1994-06-08 00:00:00,Unknown,0.0,pending,0.0,excellent,106.0,1982-10-15 06:48:59,"Apartment 38, Lake Amychester district, Tashkent, UZ, 100854","['its', 'join']",1.0,4.0,4.0,"['among', 'list']",0.0,833.0,904.0,laptop,Lenovo,2020.0,phone,Samsung,2018.0,100854,Tashkent, Lake Amychester district
244,Unknown,18,Female,0.0,+4341059394,Kevinland,Unknown,,Unknown,0.0,inactive,0.0,good,299.0,2019-12-05 10:39:00,"55355 Lucero Manors Suite 542, East Michaelhaven","['moment', 'always']",5.0,3.0,2.0,"['do', 'question']",0.0,667.0,969.0,laptop,HP,2024.0,phone,Apple,2021.0,55355,East Michaelhaven,Unknown
245,Linda Castro ,19,Female,0.0,+11491240868,North Amanda,Unknown,,Data Science,84.0,pending,0.0,None,231.0,1997-09-30 06:56:34,"Apartment 35, West Ericborough district, Tashkent, UZ, 100678","['least', 'environment']",3.0,2.0,4.0,"['course', 'hear']",0.0,1496.0,514.0,laptop,Lenovo,2020.0,phone,Samsung,2019.0,100678,Tashkent, West Ericborough district
246,Unknown,20,Unknown,73.0,+9210678157,Lisatown,Unknown,2007-11-13 00:00:00,Unknown,93.0,inactive,0.0,average,179.0,,"Johntown 7-kv, dom 50, Tashkent","['final', 'young']",4.0,2.0,1.0,"['show', 'matter']",5.0,220.0,1384.0,laptop,Lenovo,2017.0,phone,Samsung,2021.0,Unknown,Tashkent,Unknown
247,Unknown,21,Unknown,57.0,+4747334676,West Margaret,Unknown,,Data Science,0.0,pending,0.0,  excellent  ,195.0,1982-10-12 00:00:00,"Allisonfurt 7-kv, dom 13, Tashkent","['book', 'wind']",5.0,4.0,3.0,"['natural', 'general']",5.0,1218.0,434.0,laptop,HP,2019.0,phone,Samsung,2018.0,Unknown,Tashkent,Unknown
248,Eddie Ross,22,Female,0.0,+19848049442,Hallburgh,Unknown,1972-12-05 00:00:00,Unknown,0.0,inactive,0.0,  excellent  ,7000.0,1993-11-12 00:00:00,"Joseborough 23-kv, dom 30, Tashkent","['threat', 'usually']",5.0,5.0,4.0,"['offer', 'grow']",0.0,965.0,1315.0,laptop,Lenovo,2020.0,phone,Samsung,2024.0,Unknown,Tashkent,Unknown
249,Timothy Mcdonald ,22,Unknown,0.0,+8769186415,East Ashleyland,david26@hotmail.com,1985-06-09 18:30:20,Unknown,0.0,active,2.62,  excellent  ,74.0,2022-07-19 00:00:00,"East Taylor 8-kv, dom 23, Tashkent",,,,,,,,,,,,,,,Unknown,Tashkent,Unknown
250,Cassie Roberts,18,Male,0.0,Unknown,South Stanley,lgarcia@hotmail.com,2024-09-14 00:00:00,Python,0.0,pending,0.0,excellent,100.0,1977-06-21 00:00:00,UZ 100410 Tashkent Adkinsborough,,,,,,,,,,,,,,,100410,Unknown,Unknown
251,Unknown,21,Unknown,0.0,+0398275197,Gutierrezport,Unknown,1970-11-12 20:17:17,Unknown,68.0,active,0.0,None,193.0,2010-10-17 00:00:00,"87498 Haynes Wall Suite 838, South Rachel","['about', 'ball']",4.0,2.0,4.0,"['strategy', 'country']",0.0,760.0,239.0,laptop,Lenovo,2017.0,phone,Apple,2021.0,87498,South Rachel,Unknown
252,Unknown,0,Unknown,0.0,+7089535365,Danielsport,Unknown,2001-04-19 00:00:00,Data Science,0.0,inactive,0.0,  excellent  ,174.0,2025-05-30 00:00:00,"Apartment 25, New John district, Tashkent, UZ, 100658",,,,,,,,,,,,,,,100658,Tashkent, New John district
253,Jeffrey White ,21,Unknown,0.0,+5374207791,Moraport,Unknown,2014-01-23 13:27:35,Unknown,82.0,inactive,0.0,  excellent  ,233.0,1970-12-03 00:00:00,"BROKEN,ADDRESS,DATA,,,","['follow', 'job']",4.0,3.0,3.0,"['international', 'this']",2.0,1229.0,429.0,laptop,Lenovo,2020.0,phone,Apple,2019.0,Unknown,Unknown,Unknown
254,William Washington ,0,Unknown,0.0,+9150561418,West Alison,nicholashoward@arellano-hart.com,,Data Science,0.0,inactive,3.02,  excellent  ,75.0,2022-05-17 00:00:00,"Andersonland 15-kv, dom 10, Tashkent","['read', 'leg']",3.0,1.0,1.0,"['run', 'sister']",3.0,952.0,643.0,laptop,HP,2020.0,phone,Apple,2024.0,Unknown,Tashkent,Unknown
255,Unknown,22,Female,99.0,Unknown,Amandabury,Unknown,,Unknown,0.0,pending,0.0,average,156.0,,"BROKEN,ADDRESS,DATA,,,",,,,,,,,,,,,,,,Unknown,Unknown,Unknown
256,Ann Burns,22,Unknown,100.0,Unknown,Lake Ashley,Unknown,2006-05-27 00:00:00,Unknown,0.0,active,0.0,  excellent  ,227.0,2019-08-14 00:00:00,"BROKEN,ADDRESS,DATA,,,","['about', 'city']",2.0,4.0,1.0,"['that', 'walk']",3.0,282.0,1017.0,laptop,Lenovo,2016.0,phone,Xiaomi,2018.0,Unknown,Unknown,Unknown
257,Unknown,20,Female,77.0,+12873288674,North Chelseaview,Unknown,1984-07-07 22:59:00,Python,0.0,inactive,1.27,average,18100.0,1984-02-20 00:00:00,"Apartment 27, New Mark district, Tashkent, UZ, 100999",,,,,,,,,,,,,,,100999,Tashkent, New Mark district
258,Mrs. Dana Cole,0,Female,0.0,+11825942720,Andersonville,Unknown,2022-05-24 00:00:00,Data Science,0.0,active,0.0,average,12600.0,2023-03-11 00:00:00,"Johnview 8-kv, dom 27, Tashkent","['me', 'sister']",2.0,1.0,5.0,"['yes', 'available']",4.0,340.0,633.0,laptop,HP,2021.0,phone,Samsung,2022.0,Unknown,Tashkent,Unknown
259,Dean Lozano ,20,Female,0.0,Unknown,Brandonfurt,Unknown,1974-11-27 05:57:07,Python,0.0,pending,0.0,good,216.0,1972-03-07 06:41:17,"BROKEN,ADDRESS,DATA,,,","['this', 'trouble']",2.0,2.0,3.0,"['face', 'response']",5.0,1300.0,1048.0,laptop,HP,2019.0,phone,Apple,2020.0,Unknown,Unknown,Unknown
260,Tyler Mueller,0,Female,61.0,Unknown,Port Jeffreyside,Unknown,,Unknown,0.0,inactive,0.0,excellent,124.0,1995-04-08 00:00:00,"Apartment 43, Sarahstad district, Tashkent, UZ, 100781",,,,,,,,,,,,,,,100781,Tashkent, Sarahstad district
261,Charles Smith ,20,Unknown,89.0,+7374078314,Lake Josephtown,xthomas@lambert-collins.com,1984-12-16 11:44:14,Unknown,86.0,inactive,0.0,average,152.0,2002-01-01 00:00:00,UZ 100304 Tashkent Jonesfurt,"['anyone', 'bed']",1.0,3.0,4.0,"['would', 'after']",2.0,518.0,607.0,laptop,HP,2015.0,phone,Samsung,2020.0,100304,Unknown,Unknown
262,Michele Johnson ,18,Female,76.0,+0013707685363,Hillchester,Unknown,,Data Science,97.0,active,0.0,good,194.0,1989-07-12 03:27:46,"North Alicia 20-kv, dom 35, Tashkent","['firm', 'everybody']",4.0,3.0,3.0,"['say', 'do']",1.0,1464.0,1493.0,laptop,HP,2017.0,phone,Xiaomi,2024.0,Unknown,Tashkent,Unknown
263,Unknown,21,Female,65.0,+16421921575,Kellyborough,zjohnson@miller-weaver.net,2002-08-30 15:04:12,Unknown,0.0,inactive,0.0,average,220.0,1995-09-08 00:00:00,"BROKEN,ADDRESS,DATA,,,","['third', 'prepare']",4.0,4.0,3.0,"['successful', 'product']",2.0,913.0,1267.0,laptop,HP,2019.0,phone,Samsung,2024.0,Unknown,Unknown,Unknown
264,James Griffin ,0,Unknown,0.0,+6359140072,West Marieland,Unknown,1989-05-11 00:00:00,Data Science,92.0,active,4.46,None,219.0,2018-01-14 08:03:10,"Apartment 29, North Tyroneville district, Tashkent, UZ, 100883","['green', 'box']",2.0,1.0,2.0,"['society', 'next']",3.0,1161.0,228.0,laptop,HP,2024.0,phone,Samsung,2024.0,100883,Tashkent, North Tyroneville district
265,Justin Arnold,18,Female,81.0,+7128353547,West Victoriastad,Unknown,1972-03-11 00:00:00,Unknown,0.0,inactive,0.0,excellent,92.0,2000-11-24 00:00:00,UZ 100588 Tashkent West Elizabeth,"['maintain', 'hard']",1.0,1.0,2.0,"['common', 'resource']",3.0,422.0,1398.0,laptop,Lenovo,2016.0,phone,Xiaomi,2022.0,100588,Unknown,Unknown
266,Unknown,19,Female,0.0,+1748502428,Jamesburgh,Unknown,1999-03-19 00:00:00,Data Science,0.0,pending,0.0,average,195.0,2017-02-10 08:53:00,"Apartment 17, North Raymond district, Tashkent, UZ, 100376","['guy', 'test']",3.0,4.0,5.0,"['trade', 'least']",5.0,1310.0,604.0,laptop,Dell,2015.0,phone,Xiaomi,2023.0,100376,Tashkent, North Raymond district
267,Unknown,21,Male,0.0,Unknown,Josephbury,marcus14@thomas-wong.biz,,Unknown,0.0,active,0.0,excellent,203.0,2018-03-23 00:00:00,"63287 Donna Walk, Savageborough","['week', 'group']",2.0,3.0,5.0,"['form', 'mean']",3.0,335.0,1183.0,laptop,Lenovo,2022.0,phone,Apple,2019.0,63287,Savageborough,Unknown
268,Adam Bowman,20,Female,90.0,Unknown,North Brentport,Unknown,,Unknown,84.0,inactive,0.0,average,239.0,,"Apartment 20, Lake Stacy district, Tashkent, UZ, 100919",,,,,,,,,,,,,,,100919,Tashkent, Lake Stacy district
269,Unknown,19,Female,0.0,+4859449082,Lake Amberstad,Unknown,2023-11-03 06:30:07,Data Science,0.0,inactive,0.0,None,128.0,,"42654 Obrien Stream Apt. 484, North Ianberg","['why', 'up']",1.0,3.0,4.0,"['several', 'consider']",5.0,280.0,1029.0,laptop,Lenovo,2016.0,phone,Samsung,2022.0,42654,North Ianberg,Unknown
270,Unknown,0,Unknown,96.0,Unknown,Patrickhaven,Unknown,,Data Science,0.0,active,0.0,average,216.0,1986-04-14 20:33:44,"0553 Joseph Crest, Port Stephenchester","['watch', 'step']",1.0,3.0,2.0,"['idea', 'cut']",2.0,618.0,407.0,laptop,Dell,2015.0,phone,Samsung,2020.0,Unknown,Port Stephenchester,Unknown
271,Unknown,0,Female,0.0,+2679176512,Rachelstad,Unknown,1991-11-03 00:00:00,Unknown,0.0,active,0.0,excellent,227.0,1988-04-19 11:33:00,UZ 100416 Tashkent Lake John,"['word', 'move']",2.0,5.0,2.0,"['coach', 'decision']",4.0,1043.0,1206.0,laptop,Dell,2015.0,phone,Xiaomi,2023.0,100416,Unknown,Unknown
272,Unknown,20,Female,73.0,+1407992436,Davidside,pricesamuel@young.com,2010-08-23 18:40:24,Data Science,0.0,inactive,0.0,good,23400.0,2009-02-28 00:00:00,"Apartment 20, Rileyside district, Tashkent, UZ, 100580","['anything', 'hospital']",3.0,1.0,1.0,"['age', 'police']",5.0,586.0,1160.0,laptop,HP,2024.0,phone,Apple,2018.0,100580,Tashkent, Rileyside district
273,Unknown,0,Unknown,0.0,Unknown,Rayfurt,Unknown,1982-01-08 00:00:00,Unknown,93.0,inactive,3.51,average,214.0,,"2917 Connie Motorway, West Jamie",,,,,,,,,,,,,,,Unknown,West Jamie,Unknown
274,April Sharp,20,Male,79.0,+1321497176,Guzmanbury,Unknown,2007-01-26 08:08:12,Unknown,0.0,active,4.24,average,127.0,1977-10-29 00:00:00,"BROKEN,ADDRESS,DATA,,,",,,,,,,,,,,,,,,Unknown,Unknown,Unknown
275,Jessica Leon,20,Female,78.0,+7129219367,West Toddside,Unknown,1973-01-13 00:00:00,Data Science,0.0,inactive,1.35,average,85.0,1971-12-26 00:00:00,"BROKEN,ADDRESS,DATA,,,","['group', 'great']",1.0,2.0,1.0,"['may', 'suddenly']",3.0,850.0,388.0,laptop,Dell,2019.0,phone,Xiaomi,2024.0,Unknown,Unknown,Unknown
276,Christopher Cruz ,20,Female,77.0,Unknown,Obrienshire,Unknown,,Unknown,0.0,active,2.66,excellent,135.0,1987-05-27 00:00:00,UZ 100679 Tashkent Maryport,"['television', 'serve']",5.0,2.0,5.0,"['find', 'kind']",2.0,612.0,1374.0,laptop,HP,2019.0,phone,Samsung,2018.0,100679,Unknown,Unknown
277,Hunter Smith ,19,Male,0.0,+11318767285,Robinsonton,Unknown,2007-04-03 20:56:59,Python,0.0,active,0.0,  excellent  ,299.0,1974-06-11 00:00:00,"Apartment 8, Ashleyborough district, Tashkent, UZ, 100060","['those', 'partner']",5.0,4.0,4.0,"['which', 'actually']",3.0,1415.0,828.0,laptop,HP,2016.0,phone,Apple,2018.0,100060,Tashkent, Ashleyborough district
278,Tracy Martin,21,Unknown,86.0,+4850348428,Lake Hunter,Unknown,2001-12-01 18:40:00,Unknown,0.0,inactive,0.0,  excellent  ,100.0,1971-04-21 00:00:00,"4741 Phillips Course Apt. 019, Lake Theresafurt",,,,,,,,,,,,,,,Unknown,Lake Theresafurt,Unknown
279,Erica Myers,18,Unknown,85.0,Unknown,West Olivia,Unknown,1983-03-18 00:00:00,Data Science,0.0,inactive,0.0,None,14000.0,1993-10-30 00:00:00,"BROKEN,ADDRESS,DATA,,,","['support', 'support']",3.0,5.0,5.0,"['end', 'collection']",0.0,1095.0,1133.0,laptop,Dell,2024.0,phone,Apple,2020.0,Unknown,Unknown,Unknown
280,Audrey Moran ,0,Unknown,88.0,Unknown,West Shawnabury,Unknown,1994-03-14 00:00:00,Unknown,0.0,pending,0.0,good,218.0,1975-12-08 00:00:00,"BROKEN,ADDRESS,DATA,,,","['exist', 'politics']",3.0,1.0,3.0,"['conference', 'commercial']",4.0,1499.0,861.0,laptop,Lenovo,2022.0,phone,Samsung,2024.0,Unknown,Unknown,Unknown
281,Unknown,18,Female,94.0,Unknown,Brittneyburgh,dgreen@henry-marshall.com,,Unknown,72.0,pending,1.52,  excellent  ,69.0,1992-08-16 19:39:00,"BROKEN,ADDRESS,DATA,,,",,,,,,,,,,,,,,,Unknown,Unknown,Unknown
282,Unknown,20,Female,0.0,Unknown,Marciastad,Unknown,,Unknown,0.0,active,0.0,  excellent  ,148.0,2014-09-06 00:00:00,"BROKEN,ADDRESS,DATA,,,",,,,,,,,,,,,,,,Unknown,Unknown,Unknown
283,William Torres ,21,Female,0.0,+5622705245,Suzanneland,khantricia@swanson.com,1977-12-04 00:00:00,Data Science,0.0,pending,0.0,None,53.0,1993-12-20 16:18:00,"978 Allison Loop Apt. 882, Whitemouth","['specific', 'me']",3.0,2.0,4.0,"['hand', 'room']",5.0,709.0,1412.0,laptop,HP,2023.0,phone,Apple,2019.0,Unknown,Whitemouth,Unknown
284,Vicki Morales,21,Unknown,0.0,Unknown,North Jacqueline,harveydaniel@grimes.com,2014-08-11 06:04:00,Data Science,0.0,inactive,0.0,excellent,216.0,2007-05-22 00:00:00,"BROKEN,ADDRESS,DATA,,,",,,,,,,,,,,,,,,Unknown,Unknown,Unknown
285,Laura Bates ,21,Female,86.0,Unknown,Michaelfurt,Unknown,,Unknown,0.0,active,0.0,good,85.0,1986-05-17 19:24:00,"South David 8-kv, dom 24, Tashkent",,,,,,,,,,,,,,,Unknown,Tashkent,Unknown
286,Vincent Huffman ,20,Female,83.0,+13233128254,Lake Robin,Unknown,1972-06-07 00:00:00,Data Science,0.0,active,2.15,excellent,21800.0,1992-12-30 00:00:00,UZ 100578 Tashkent New Davidmouth,,,,,,,,,,,,,,,100578,Unknown,Unknown
287,Jeffrey Lowe,19,Female,90.0,+16190965066,North Erikbury,qparker@hotmail.com,1983-12-25 05:25:00,Data Science,0.0,inactive,3.91,None,212.0,1970-06-14 00:00:00,"Curryhaven 5-kv, dom 5, Tashkent","['candidate', 'rate']",5.0,4.0,1.0,"['information', 'available']",3.0,567.0,233.0,laptop,Dell,2020.0,phone,Apple,2021.0,Unknown,Tashkent,Unknown
288,Hannah Roberts,0,Male,0.0,+19909842557,West Virginia,wrightalexis@lopez.biz,1970-02-27 00:00:00,Unknown,0.0,pending,0.0,  excellent  ,5800.0,,"86909 Nguyen Views, Hernandezchester",,,,,,,,,,,,,,,86909,Hernandezchester,Unknown
289,Joshua Guerrero ,19,Unknown,0.0,+7972795514,Watersberg,Unknown,2007-03-04 00:00:00,Data Science,0.0,inactive,0.0,  excellent  ,261.0,,UZ 100382 Tashkent Morenoview,,,,,,,,,,,,,,,100382,Unknown,Unknown
290,Unknown,18,Unknown,0.0,Unknown,West Richardbury,Unknown,1972-02-16 11:00:00,Unknown,0.0,pending,0.0,good,283.0,,"96315 Annette Rest, Port Charlesport","['nation', 'right']",4.0,5.0,2.0,"['artist', 'process']",3.0,1367.0,1013.0,laptop,Dell,2022.0,phone,Samsung,2022.0,96315,Port Charlesport,Unknown
291,Dennis Bishop ,20,Unknown,0.0,+0010545481713,South Sandra,Unknown,,Data Science,0.0,active,0.0,None,237.0,2006-01-26 00:00:00,"Apartment 35, Huffburgh district, Tashkent, UZ, 100573","['various', 'value']",3.0,1.0,3.0,"['myself', 'seven']",5.0,906.0,1438.0,laptop,HP,2022.0,phone,Xiaomi,2020.0,100573,Tashkent, Huffburgh district
292,Lynn Gordon,21,Female,0.0,+1574686959,Johnsonchester,henry44@craig.com,1974-10-28 00:11:00,Unknown,0.0,inactive,0.0,excellent,10500.0,2022-11-23 00:00:00,"Port Karenborough 15-kv, dom 2, Tashkent",,,,,,,,,,,,,,,Unknown,Tashkent,Unknown
293,Unknown,0,Male,59.0,+0015217567290,North Vanessaberg,Unknown,2020-06-02 06:08:23,Data Science,0.0,inactive,0.0,average,114.0,2009-08-04 00:00:00,"West Josephville 28-kv, dom 45, Tashkent","['floor', 'notice']",2.0,3.0,5.0,"['sign', 'throughout']",2.0,486.0,1054.0,laptop,Lenovo,2017.0,phone,Xiaomi,2018.0,Unknown,Tashkent,Unknown
294,Wendy Dunn ,0,Female,0.0,Unknown,Stewarttown,Unknown,1986-05-29 00:00:00,Unknown,0.0,active,0.0,good,17600.0,2022-09-16 05:31:23,UZ 100431 Tashkent Garciafort,"['make', 'area']",1.0,3.0,5.0,"['produce', 'page']",3.0,1047.0,811.0,laptop,Dell,2021.0,phone,Apple,2020.0,100431,Unknown,Unknown
295,Elizabeth Nelson ,0,Female,84.0,Unknown,West Kenneth,Unknown,1986-11-02 00:00:00,Unknown,0.0,inactive,0.0,  excellent  ,151.0,2010-07-21 00:00:00,"Apartment 31, Lake Karen district, Tashkent, UZ, 100697",,,,,,,,,,,,,,,100697,Tashkent, Lake Karen district
296,Unknown,19,Female,0.0,+9429934964,East Robinstad,Unknown,,Python,0.0,pending,0.0,None,284.0,1980-03-07 15:28:05,"36436 Gamble Freeway Suite 098, Jeanstad","['anything', 'long']",5.0,1.0,3.0,"['field', 'fast']",2.0,1303.0,1219.0,laptop,Lenovo,2021.0,phone,Apple,2024.0,36436,Jeanstad,Unknown
297,Tiffany Reyes,18,Male,91.0,+8999918816,South Pamela,sanchezkevin@yahoo.com,1975-09-06 21:44:00,Unknown,0.0,inactive,0.0,good,111.0,1970-12-04 00:00:00,"BROKEN,ADDRESS,DATA,,,","['half', 'wind']",5.0,1.0,3.0,"['create', 'word']",3.0,524.0,1494.0,laptop,Dell,2023.0,phone,Apple,2019.0,Unknown,Unknown,Unknown
298,Unknown,18,Male,78.0,Unknown,Port Hayleyport,Unknown,2019-06-20 00:00:00,Data Science,76.0,active,0.0,good,219.0,2022-04-19 00:00:00,"5327 Anthony Rest, Russellfort",,,,,,,,,,,,,,,Unknown,Russellfort,Unknown
299,Vincent Collins ,18,Male,0.0,+1439550610,West Jamie,Unknown,1999-03-25 00:00:00,Unknown,0.0,pending,0.0,average,20600.0,,"780 William Summit Apt. 320, Shawnstad","['million', 'over']",2.0,1.0,1.0,"['stop', 'enough']",5.0,1419.0,1065.0,laptop,Dell,2023.0,phone,Samsung,2024.0,Unknown,Shawnstad,Unknown
300,Jared Mckinney,18,Unknown,0.0,+0015136377267,Jacksonbury,elizabeth02@hotmail.com,1973-09-09 00:00:00,Data Science,0.0,inactive,0.0,None,258.0,2021-02-09 00:00:00,"Apartment 19, North Teresaberg district, Tashkent, UZ, 100009","['finish', 'age']",3.0,1.0,4.0,"['win', 'fall']",4.0,1342.0,1266.0,laptop,HP,2017.0,phone,Samsung,2021.0,100009,Tashkent, North Teresaberg district
301,Andrew Andrews ,18,Male,74.0,Unknown,Aprilberg,gcastillo@bishop.info,1995-05-03 21:16:50,Unknown,0.0,pending,0.0,None,244.0,1981-04-20 15:02:00,"410 Baker Cliffs, South Ian","['remain', 'management']",2.0,3.0,3.0,"['analysis', 'respond']",0.0,642.0,773.0,laptop,Lenovo,2024.0,phone,Samsung,2018.0,Unknown,South Ian,Unknown
302,Leah Taylor,18,Unknown,94.0,Unknown,Richardmouth,Unknown,1986-09-17 03:10:31,Unknown,0.0,active,0.0,  excellent  ,121.0,2009-04-05 17:03:17,"Apartment 50, Johnsonfurt district, Tashkent, UZ, 100029",,,,,,,,,,,,,,,100029,Tashkent, Johnsonfurt district
303,Lawrence Smith,0,Unknown,0.0,+0042888164,South Erinville,Unknown,2007-07-07 00:00:00,Unknown,0.0,active,0.0,good,9400.0,1974-04-22 00:00:00,"663 Cook Lodge Apt. 565, Yustad","['part', 'according']",4.0,4.0,3.0,"['continue', 'modern']",3.0,1134.0,809.0,laptop,HP,2018.0,phone,Xiaomi,2020.0,Unknown,Yustad,Unknown
304,John Collier ,18,Unknown,0.0,+4577431966,Mathewsland,Unknown,2019-07-01 14:27:24,Python,98.0,pending,0.0,excellent,223.0,2015-06-08 17:05:00,UZ 100024 Tashkent West Jessicafurt,"['lose', 'reach']",4.0,4.0,4.0,"['table', 'someone']",1.0,856.0,1449.0,laptop,Dell,2017.0,phone,Xiaomi,2019.0,100024,Unknown,Unknown
305,Kenneth Mcdonald,18,Male,0.0,+1527864631,Aliciaton,Unknown,1983-01-27 00:00:00,Unknown,0.0,pending,0.0,excellent,146.0,2003-03-06 00:00:00,"BROKEN,ADDRESS,DATA,,,","['modern', 'exactly']",4.0,5.0,3.0,"['put', 'central']",0.0,1331.0,223.0,laptop,HP,2020.0,phone,Samsung,2024.0,Unknown,Unknown,Unknown
306,Kayla Martinez ,18,Female,0.0,Unknown,Nelsonshire,singhmicheal@gmail.com,,Unknown,0.0,active,0.0,None,24300.0,1997-11-20 20:49:58,"Christopherhaven 7-kv, dom 45, Tashkent","['cost', 'computer']",5.0,2.0,5.0,"['safe', 'manager']",5.0,363.0,462.0,laptop,Lenovo,2015.0,phone,Samsung,2019.0,Unknown,Tashkent,Unknown
307,Ruth Edwards,21,Male,65.0,+0017391056737,Johnmouth,Unknown,2003-04-17 14:53:03,Unknown,0.0,pending,4.47,  excellent  ,13300.0,1980-08-28 01:19:06,"Apartment 44, Jonesmouth district, Tashkent, UZ, 100100",,,,,,,,,,,,,,,100100,Tashkent, Jonesmouth district
308,Kyle Brown,0,Female,0.0,+17238925634,West Jennifer,Unknown,,Unknown,0.0,pending,0.0,excellent,56.0,1985-05-22 00:00:00,"1120 Brittany Cliffs Suite 826, New Jordan","['conference', 'citizen']",3.0,5.0,1.0,"['outside', 'ball']",5.0,951.0,988.0,laptop,Dell,2023.0,phone,Apple,2021.0,Unknown,New Jordan,Unknown
309,Unknown,18,Unknown,68.0,+7921971892,Lake Andreaburgh,Unknown,2005-11-26 00:49:43,Data Science,71.0,inactive,0.0,good,131.0,1976-06-21 23:43:21,"10040 West Lakes Suite 279, East Samanthaland",,,,,,,,,,,,,,,10040,East Samanthaland,Unknown
310,Rachel Parker,21,Male,65.0,Unknown,Jordanberg,Unknown,1974-01-07 00:00:00,Python,0.0,inactive,0.0,None,149.0,2015-02-09 14:36:27,UZ 100076 Tashkent Port Lauren,"['suddenly', 'culture']",1.0,3.0,5.0,"['head', 'old']",3.0,526.0,1121.0,laptop,Dell,2020.0,phone,Xiaomi,2021.0,100076,Unknown,Unknown
311,Katherine Clark ,20,Female,97.0,Unknown,East Gabriellamouth,Unknown,2025-04-24 20:11:00,Unknown,0.0,active,0.0,good,19700.0,1999-06-26 03:58:13,"Michaelburgh 6-kv, dom 30, Tashkent",,,,,,,,,,,,,,,Unknown,Tashkent,Unknown
312,Unknown,18,Male,0.0,+2074578185,Lake Jasmine,Unknown,2001-06-10 19:42:00,Unknown,0.0,active,4.29,excellent,298.0,1997-01-05 00:00:00,"Sharonland 2-kv, dom 45, Tashkent","['far', 'officer']",2.0,1.0,3.0,"['sure', 'son']",3.0,1378.0,513.0,laptop,Dell,2022.0,phone,Xiaomi,2020.0,Unknown,Tashkent,Unknown
313,Willie Hoover ,20,Female,0.0,+0019030256001,Fullermouth,holmessteven@hotmail.com,2009-12-25 00:00:00,Unknown,0.0,inactive,0.0,average,248.0,1980-05-04 00:00:00,"Murraymouth 19-kv, dom 29, Tashkent","['pass', 'staff']",4.0,2.0,1.0,"['specific', 'reduce']",3.0,508.0,1273.0,laptop,Lenovo,2015.0,phone,Apple,2023.0,Unknown,Tashkent,Unknown
314,Jennifer Johnson ,18,Female,0.0,+11492102553,Turnerberg,Unknown,2002-02-04 04:27:49,Unknown,66.0,pending,0.0,  excellent  ,154.0,2024-06-23 00:00:00,"Apartment 15, Pittmanchester district, Tashkent, UZ, 100280",,,,,,,,,,,,,,,100280,Tashkent, Pittmanchester district
315,Joanne Lopez ,0,Male,0.0,+9794395549,Adrianabury,Unknown,2024-04-05 00:00:00,Python,0.0,inactive,0.0,average,98.0,1973-10-08 00:00:00,"02174 Jennifer Greens Apt. 839, Morenomouth",,,,,,,,,,,,,,,02174,Morenomouth,Unknown
316,Michele Hogan ,20,Male,0.0,+18079955165,Burgessside,ssmith@hotmail.com,1980-05-22 02:05:36,Data Science,0.0,active,0.0,average,128.0,1982-12-24 00:00:00,"BROKEN,ADDRESS,DATA,,,","['operation', 'toward']",1.0,2.0,4.0,"['performance', 'building']",3.0,869.0,375.0,laptop,Dell,2023.0,phone,Apple,2023.0,Unknown,Unknown,Unknown
317,Mackenzie Haas ,19,Female,64.0,Unknown,New Bruce,Unknown,1976-09-05 17:43:53,Unknown,0.0,pending,0.0,None,128.0,1988-02-06 00:00:00,"New Charles 14-kv, dom 1, Tashkent","['capital', 'produce']",3.0,5.0,3.0,"['over', 'condition']",3.0,1137.0,881.0,laptop,Dell,2019.0,phone,Samsung,2022.0,Unknown,Tashkent,Unknown
318,Sarah Perez MD ,19,Male,75.0,Unknown,East Erik,Unknown,,Unknown,0.0,pending,0.0,good,216.0,,"BROKEN,ADDRESS,DATA,,,","['stand', 'father']",4.0,4.0,1.0,"['meeting', 'parent']",5.0,824.0,1340.0,laptop,Dell,2017.0,phone,Xiaomi,2024.0,Unknown,Unknown,Unknown
319,Carolyn Moreno,22,Male,82.0,Unknown,West Randy,williamslarry@hotmail.com,1986-08-30 00:00:00,Python,0.0,pending,0.0,  excellent  ,23000.0,,"BROKEN,ADDRESS,DATA,,,","['responsibility', 'read']",3.0,3.0,1.0,"['civil', 'shoulder']",1.0,319.0,400.0,laptop,HP,2023.0,phone,Apple,2021.0,Unknown,Unknown,Unknown
320,Joshua Ross ,20,Unknown,67.0,+0016768851567,Stanleymouth,Unknown,2023-08-04 00:00:00,Unknown,97.0,pending,0.0,average,175.0,2012-12-04 00:00:00,"6771 Miller Crescent, Port Sarah","['great', 'necessary']",3.0,4.0,3.0,"['sometimes', 'president']",0.0,635.0,304.0,laptop,HP,2017.0,phone,Apple,2024.0,Unknown,Port Sarah,Unknown
321,Shawn Collins ,22,Female,0.0,Unknown,Brittanyburgh,Unknown,1985-01-05 00:00:00,Unknown,0.0,pending,0.0,excellent,19300.0,,"Apartment 25, New Dawnburgh district, Tashkent, UZ, 100666","['evening', 'animal']",3.0,1.0,1.0,"['page', 'woman']",3.0,1288.0,465.0,laptop,HP,2017.0,phone,Apple,2023.0,100666,Tashkent, New Dawnburgh district
322,Antonio Bryan ,22,Female,0.0,Unknown,Lake Helen,adavis@hotmail.com,2010-04-14 00:00:00,Unknown,87.0,inactive,0.0,good,221.0,2025-05-15 00:00:00,"Apartment 19, East Connie district, Tashkent, UZ, 100047","['bring', 'sea']",4.0,2.0,3.0,"['heart', 'thank']",3.0,721.0,564.0,laptop,Dell,2017.0,phone,Samsung,2022.0,100047,Tashkent, East Connie district
323,Barry Oneill,22,Female,87.0,Unknown,East Emilyport,Unknown,1991-03-26 00:00:00,Data Science,0.0,active,0.0,excellent,279.0,2011-07-28 00:00:00,"316 Elizabeth Run, South Jamesport","['moment', 'also']",5.0,3.0,1.0,"['operation', 'pretty']",4.0,471.0,1028.0,laptop,Lenovo,2017.0,phone,Apple,2020.0,Unknown,South Jamesport,Unknown
324,Unknown,0,Female,65.0,+7860482231,Jillside,Unknown,2013-10-16 00:00:00,Unknown,0.0,pending,0.0,None,187.0,,"BROKEN,ADDRESS,DATA,,,",,,,,,,,,,,,,,,Unknown,Unknown,Unknown
325,Nicholas Bell,20,Female,0.0,Unknown,Bowenfort,Unknown,2000-07-12 00:00:00,Data Science,0.0,pending,0.0,  excellent  ,223.0,1979-03-19 08:45:49,UZ 100190 Tashkent North Miranda,,,,,,,,,,,,,,,100190,Unknown,Unknown
326,Micheal Knapp,0,Female,87.0,+5441134366,Lauraport,Unknown,,Unknown,64.0,active,0.0,  excellent  ,229.0,2011-03-25 07:47:00,"West Robertburgh 4-kv, dom 9, Tashkent","['evidence', 'start']",5.0,1.0,5.0,"['call', 'per']",3.0,1235.0,1300.0,laptop,HP,2017.0,phone,Apple,2020.0,Unknown,Tashkent,Unknown
327,Unknown,21,Unknown,0.0,+3824058081,Lake Christopher,Unknown,2002-04-17 00:00:00,Unknown,96.0,active,0.0,average,140.0,1984-08-23 21:23:37,"Apartment 11, Port Calebtown district, Tashkent, UZ, 100670","['others', 'you']",1.0,1.0,3.0,"['serious', 'onto']",1.0,1218.0,581.0,laptop,HP,2016.0,phone,Samsung,2021.0,100670,Tashkent, Port Calebtown district
328,Unknown,19,Female,0.0,+7445654885,Rossborough,Unknown,1998-07-13 00:00:00,Python,0.0,inactive,4.02,  excellent  ,167.0,,UZ 100074 Tashkent New Rodney,,,,,,,,,,,,,,,100074,Unknown,Unknown
329,Unknown,0,Male,0.0,+6466358123,North Rodneychester,Unknown,1974-07-10 00:00:00,Unknown,0.0,pending,0.0,good,106.0,2018-09-27 19:54:00,"607 Torres Brook Suite 210, South Joy","['institution', 'forget']",5.0,3.0,4.0,"['go', 'prepare']",1.0,1324.0,1202.0,laptop,Dell,2018.0,phone,Xiaomi,2018.0,Unknown,South Joy,Unknown
330,Joseph Johnson ,0,Male,0.0,+0247446407,Luisport,johnyoung@yahoo.com,1998-09-06 02:39:28,Unknown,0.0,inactive,0.0,good,5700.0,1996-06-25 02:28:00,UZ 100700 Tashkent Shaunfort,"['spring', 'either']",1.0,5.0,4.0,"['region', 'court']",0.0,574.0,1222.0,laptop,Lenovo,2017.0,phone,Samsung,2020.0,100700,Unknown,Unknown
331,Unknown,20,Male,0.0,Unknown,Zacharyside,Unknown,2000-02-05 00:00:00,Unknown,0.0,inactive,0.0,None,262.0,2001-01-11 00:00:00,"BROKEN,ADDRESS,DATA,,,",,,,,,,,,,,,,,,Unknown,Unknown,Unknown
332,Unknown,21,Female,93.0,+14938659765,Jennaborough,brianmarsh@yahoo.com,1998-09-27 00:00:00,Unknown,0.0,inactive,0.0,excellent,140.0,2013-02-07 22:31:00,"West Patrickberg 13-kv, dom 41, Tashkent","['dinner', 'cause']",3.0,1.0,3.0,"['traditional', 'security']",2.0,843.0,1477.0,laptop,Dell,2021.0,phone,Apple,2019.0,Unknown,Tashkent,Unknown
333,Unknown,20,Female,57.0,+0018834929817,Deanberg,doughertydavid@carrillo-decker.com,2009-05-18 00:00:00,Unknown,0.0,inactive,0.0,  excellent  ,246.0,1978-09-18 00:00:00,"South Kylebury 23-kv, dom 5, Tashkent",,,,,,,,,,,,,,,Unknown,Tashkent,Unknown
334,Fred Griffith,18,Male,70.0,Unknown,South Lynnberg,Unknown,1995-06-11 00:00:00,Data Science,88.0,inactive,0.0,  excellent  ,6700.0,2020-02-29 00:00:00,"BROKEN,ADDRESS,DATA,,,",,,,,,,,,,,,,,,Unknown,Unknown,Unknown
335,David Taylor ,0,Female,0.0,Unknown,Haroldborough,Unknown,1991-05-08 21:18:00,Unknown,0.0,inactive,3.2,good,91.0,1991-07-23 00:00:00,"Apartment 15, North Angela district, Tashkent, UZ, 100462","['during', 'social']",2.0,5.0,2.0,"['for', 'mission']",2.0,433.0,628.0,laptop,Lenovo,2018.0,phone,Xiaomi,2019.0,100462,Tashkent, North Angela district
336,Shane Orr,20,Female,0.0,+18080072980,Lake Lance,odommeredith@yahoo.com,,Unknown,0.0,pending,0.0,excellent,166.0,1993-06-13 00:00:00,"Apartment 4, Thomasport district, Tashkent, UZ, 100098",,,,,,,,,,,,,,,100098,Tashkent, Thomasport district
337,Timothy Booth ,18,Female,0.0,+0011311884606,Rogersport,Unknown,2004-11-21 00:00:00,Data Science,70.0,inactive,0.0,  excellent  ,290.0,1971-02-05 00:00:00,UZ 100264 Tashkent Williamsmouth,,,,,,,,,,,,,,,100264,Unknown,Unknown
338,Unknown,19,Female,74.0,+3527855070,North Teresa,Unknown,2008-11-19 19:42:27,Unknown,0.0,active,0.0,good,288.0,,UZ 100563 Tashkent East Nicole,,,,,,,,,,,,,,,100563,Unknown,Unknown
339,Unknown,19,Female,0.0,Unknown,Port Justinshire,amber74@hotmail.com,2011-08-14 04:51:00,Unknown,0.0,inactive,4.38,None,130.0,2023-11-04 00:00:00,"BROKEN,ADDRESS,DATA,,,","['beat', 'theory']",4.0,5.0,3.0,"['upon', 'relate']",3.0,1156.0,1047.0,laptop,Lenovo,2024.0,phone,Samsung,2019.0,Unknown,Unknown,Unknown
340,James Smith ,19,Unknown,70.0,+10590887861,West Lisamouth,Unknown,2021-08-26 00:00:00,Python,0.0,active,0.0,None,176.0,1987-11-27 22:22:06,"Jessicaton 1-kv, dom 15, Tashkent",,,,,,,,,,,,,,,Unknown,Tashkent,Unknown
341,Danielle Coleman,19,Female,90.0,Unknown,East Chloefurt,Unknown,,Data Science,0.0,pending,4.3,  excellent  ,299.0,2004-04-15 15:11:36,"BROKEN,ADDRESS,DATA,,,","['drive', 'outside']",4.0,1.0,5.0,"['thing', 'several']",1.0,1251.0,799.0,laptop,Dell,2016.0,phone,Samsung,2024.0,Unknown,Unknown,Unknown
342,Dylan May,0,Female,73.0,Unknown,Aaronberg,Unknown,1972-03-16 00:00:00,Unknown,0.0,inactive,0.0,average,227.0,2023-10-20 00:00:00,"Apartment 36, Glennmouth district, Tashkent, UZ, 100438","['friend', 'work']",4.0,5.0,2.0,"['black', 'in']",3.0,324.0,1139.0,laptop,Lenovo,2022.0,phone,Xiaomi,2021.0,100438,Tashkent, Glennmouth district
343,Leah Anderson,18,Male,0.0,+3650903299,East Thomasview,michaelchase@hotmail.com,2012-10-19 12:24:00,Unknown,69.0,active,0.0,None,203.0,2006-08-23 00:00:00,"BROKEN,ADDRESS,DATA,,,",,,,,,,,,,,,,,,Unknown,Unknown,Unknown
344,April Bennett ,19,Female,0.0,+3462150714,Norrismouth,Unknown,1986-03-20 16:56:54,Python,98.0,inactive,0.0,None,182.0,1978-02-01 00:00:00,"BROKEN,ADDRESS,DATA,,,",,,,,,,,,,,,,,,Unknown,Unknown,Unknown
345,Unknown,0,Unknown,68.0,+0290846617,West Tyler,Unknown,1987-04-23 00:00:00,Unknown,0.0,active,0.0,average,186.0,,"Coltonborough 27-kv, dom 21, Tashkent","['whom', 'price']",4.0,1.0,5.0,"['place', 'debate']",2.0,290.0,315.0,laptop,Lenovo,2021.0,phone,Xiaomi,2020.0,Unknown,Tashkent,Unknown
346,Amy Cole ,20,Unknown,68.0,+7123168833,East Samanthachester,Unknown,1977-05-05 20:37:10,Data Science,0.0,pending,0.0,good,224.0,2006-11-12 00:00:00,UZ 100226 Tashkent Port Jimmyberg,"['else', 'scientist']",3.0,1.0,2.0,"['whether', 'rock']",5.0,381.0,899.0,laptop,HP,2021.0,phone,Samsung,2020.0,100226,Unknown,Unknown
347,William Bright,21,Unknown,51.0,+0010639746472,Carterbury,david32@yahoo.com,2003-09-17 00:00:00,Data Science,0.0,active,0.0,good,234.0,2009-09-05 15:17:09,"North Scott 5-kv, dom 9, Tashkent","['unit', 'send']",4.0,2.0,2.0,"['always', 'order']",1.0,740.0,774.0,laptop,Dell,2023.0,phone,Xiaomi,2019.0,Unknown,Tashkent,Unknown
348,Julie Gill,22,Unknown,67.0,Unknown,Samuelstad,Unknown,2004-06-14 00:00:00,Unknown,0.0,inactive,0.0,None,73.0,1970-01-08 00:00:00,"Apartment 24, West James district, Tashkent, UZ, 100774","['source', 'person']",2.0,4.0,4.0,"['trouble', 'effect']",2.0,363.0,669.0,laptop,Dell,2018.0,phone,Xiaomi,2020.0,100774,Tashkent, West James district
349,Unknown,18,Male,86.0,+4397702170,Nunezberg,lewispaula@allen.info,1986-08-31 00:00:00,Unknown,67.0,active,0.0,good,161.0,1993-02-17 00:00:00,"BROKEN,ADDRESS,DATA,,,","['generation', 'report']",1.0,3.0,3.0,"['fire', 'ability']",3.0,449.0,549.0,laptop,Dell,2021.0,phone,Samsung,2020.0,Unknown,Unknown,Unknown
350,Megan Nelson ,22,Female,0.0,Unknown,Sandrabury,Unknown,2020-10-01 00:00:00,Unknown,70.0,active,0.0,excellent,191.0,,"655 Angelica Plaza Suite 842, Hickshaven","['hold', 'thus']",4.0,1.0,1.0,"['thank', 'current']",2.0,1220.0,1488.0,laptop,Dell,2017.0,phone,Apple,2020.0,Unknown,Hickshaven,Unknown
351,Russell Zimmerman ,0,Unknown,93.0,Unknown,Port Traceyville,Unknown,,Unknown,0.0,active,0.0,average,89.0,2021-01-01 01:26:00,"955 Matthew Row, Angelaside","['own', 'tell']",4.0,2.0,2.0,"['share', 'force']",0.0,1394.0,719.0,laptop,Dell,2024.0,phone,Apple,2019.0,Unknown,Angelaside,Unknown
352,Robert Mack,19,Female,76.0,+0015332844792,South April,Unknown,2011-10-07 08:23:00,Data Science,71.0,pending,0.0,average,168.0,1988-01-27 00:00:00,"3169 Brenda Place Suite 788, North Theodore",,,,,,,,,,,,,,,Unknown,North Theodore,Unknown
353,Mark Grant ,18,Female,83.0,Unknown,Brownton,Unknown,,Unknown,0.0,inactive,0.0,None,93.0,2020-05-23 03:37:19,UZ 100049 Tashkent New Wendymouth,,,,,,,,,,,,,,,100049,Unknown,Unknown
354,Tamara Branch,22,Female,88.0,+5929266249,Port Michelle,Unknown,2006-05-16 00:00:00,Data Science,0.0,inactive,0.0,good,187.0,2005-03-31 00:00:00,UZ 100250 Tashkent Wallacechester,"['example', 'view']",5.0,3.0,1.0,"['like', 'speech']",3.0,625.0,271.0,laptop,HP,2018.0,phone,Xiaomi,2021.0,100250,Unknown,Unknown
355,Unknown,18,Unknown,0.0,Unknown,New Jacob,Unknown,2022-02-09 19:50:00,Unknown,0.0,pending,0.0,None,222.0,2011-11-25 16:56:38,"Apartment 29, South Anna district, Tashkent, UZ, 100327","['evening', 'that']",4.0,5.0,4.0,"['main', 'soon']",0.0,1434.0,1280.0,laptop,HP,2020.0,phone,Xiaomi,2023.0,100327,Tashkent, South Anna district
356,Unknown,0,Female,64.0,Unknown,Lake Crystalfort,Unknown,2013-07-21 00:00:00,Data Science,64.0,pending,0.0,excellent,123.0,2014-08-29 09:15:54,"Jonathanmouth 26-kv, dom 24, Tashkent","['indicate', 'unit']",3.0,2.0,1.0,"['design', 'arrive']",1.0,1391.0,1437.0,laptop,HP,2023.0,phone,Samsung,2021.0,Unknown,Tashkent,Unknown
357,Vanessa Thomas,0,Female,100.0,+5870710517,New Mark,Unknown,1979-03-17 00:00:00,Unknown,0.0,pending,0.0,None,286.0,1986-04-07 00:00:00,"Apartment 41, East George district, Tashkent, UZ, 100734",,,,,,,,,,,,,,,100734,Tashkent, East George district
358,Unknown,0,Female,0.0,+1304680804,Rickview,Unknown,1991-12-09 10:41:00,Python,64.0,inactive,0.0,None,233.0,1971-08-13 00:00:00,"134 Katelyn Alley Apt. 071, New William","['ability', 'unit']",1.0,1.0,4.0,"['century', 'seven']",4.0,440.0,727.0,laptop,HP,2024.0,phone,Apple,2023.0,Unknown,New William,Unknown
359,Kathleen Sanchez ,22,Female,70.0,Unknown,Lake Ricardo,Unknown,1996-10-16 00:00:00,Unknown,65.0,pending,0.0,excellent,230.0,2020-01-28 01:46:00,"36856 Robert Plains Suite 752, East Christineshire",,,,,,,,,,,,,,,36856,East Christineshire,Unknown
360,Unknown,19,Unknown,51.0,+12793769975,Campbellville,nconway@roberts.com,,Unknown,0.0,inactive,0.0,excellent,26900.0,1974-06-13 00:00:00,"3869 Mary Plains, Michaelfort","['recognize', 'power']",5.0,4.0,1.0,"['strategy', 'unit']",4.0,773.0,1127.0,laptop,Lenovo,2019.0,phone,Xiaomi,2022.0,Unknown,Michaelfort,Unknown
361,Wesley Logan,20,Unknown,63.0,+9729789280,New Nathan,crystal65@gmail.com,1972-07-26 00:00:00,Data Science,0.0,active,0.0,  excellent  ,221.0,2014-08-12 00:00:00,UZ 100431 Tashkent North Elizabeth,"['girl', 'thought']",3.0,5.0,5.0,"['personal', 'before']",5.0,676.0,1252.0,laptop,Lenovo,2015.0,phone,Samsung,2020.0,100431,Unknown,Unknown
362,Unknown,21,Male,0.0,+0010884041392,Lake Austinchester,Unknown,1982-06-14 05:04:27,Unknown,0.0,pending,0.0,  excellent  ,11000.0,2011-02-28 00:00:00,"9044 Patterson Shoal, East Thomas",,,,,,,,,,,,,,,Unknown,East Thomas,Unknown
363,Unknown,18,Male,64.0,Unknown,Anthonyburgh,Unknown,2007-10-24 00:00:00,Unknown,0.0,pending,0.0,good,295.0,1996-04-23 00:00:00,"Madelineborough 29-kv, dom 49, Tashkent",,,,,,,,,,,,,,,Unknown,Tashkent,Unknown
364,Chelsea Green ,18,Unknown,0.0,Unknown,Amymouth,Unknown,,Unknown,0.0,active,0.0,None,21600.0,1977-07-17 00:00:00,UZ 100288 Tashkent Calebburgh,,,,,,,,,,,,,,,100288,Unknown,Unknown
365,David Peterson,20,Male,95.0,+8505095260,Costaville,Unknown,1994-10-27 00:00:00,Data Science,0.0,pending,1.42,  excellent  ,230.0,1974-10-24 07:31:59,"Apartment 33, South Amy district, Tashkent, UZ, 100877",,,,,,,,,,,,,,,100877,Tashkent, South Amy district
366,Unknown,0,Unknown,0.0,Unknown,Smithview,Unknown,2022-12-03 00:00:00,Data Science,0.0,active,0.0,None,257.0,2003-12-13 00:00:00,"BROKEN,ADDRESS,DATA,,,",,,,,,,,,,,,,,,Unknown,Unknown,Unknown
367,Mrs. Patricia Martin,19,Unknown,91.0,+4304628893,Lake Neil,ramosbrian@campbell.info,2015-04-05 00:00:00,Data Science,100.0,inactive,0.0,None,287.0,2016-10-10 00:00:00,UZ 100186 Tashkent North Timothyside,"['Mr', 'set']",5.0,5.0,3.0,"['child', 'staff']",5.0,1398.0,413.0,laptop,Lenovo,2023.0,phone,Xiaomi,2021.0,100186,Unknown,Unknown
368,Dr. Julie Grimes ,22,Female,70.0,+6714260050,Jessicaborough,kevinbailey@roberts.com,1996-09-27 00:00:00,Data Science,0.0,inactive,0.0,None,65.0,2012-09-06 00:00:00,UZ 100148 Tashkent North Josephview,"['book', 'ten']",5.0,3.0,4.0,"['recently', 'ground']",0.0,643.0,773.0,laptop,Lenovo,2017.0,phone,Samsung,2021.0,100148,Unknown,Unknown
369,Unknown,20,Female,0.0,Unknown,Angelamouth,Unknown,1983-04-07 00:00:00,Data Science,0.0,pending,0.0,average,231.0,1978-02-14 00:00:00,"42338 Stewart Mission Apt. 356, Lisamouth","['accept', 'case']",1.0,3.0,1.0,"['customer', 'forward']",0.0,1019.0,1024.0,laptop,Dell,2019.0,phone,Apple,2021.0,42338,Lisamouth,Unknown
370,Unknown,20,Female,0.0,+2371451202,Donnahaven,vickigoodwin@gmail.com,2000-03-20 11:28:00,Data Science,0.0,active,0.0,excellent,57.0,,"BROKEN,ADDRESS,DATA,,,",,,,,,,,,,,,,,,Unknown,Unknown,Unknown
371,Unknown,22,Unknown,63.0,Unknown,Thomaschester,Unknown,,Data Science,0.0,inactive,0.0,average,258.0,,"996 Kerr Alley Apt. 067, Christophermouth","['protect', 'right']",4.0,5.0,1.0,"['market', 'rise']",2.0,479.0,532.0,laptop,Lenovo,2016.0,phone,Samsung,2024.0,Unknown,Christophermouth,Unknown
372,Karen Lewis,19,Male,0.0,Unknown,Gabrielburgh,Unknown,2008-10-01 00:00:00,Unknown,70.0,inactive,0.0,average,84.0,2015-11-11 04:37:42,"Apartment 1, Jerryville district, Tashkent, UZ, 100129","['some', 'owner']",3.0,3.0,4.0,"['nearly', 'thank']",3.0,1305.0,1060.0,laptop,HP,2024.0,phone,Samsung,2022.0,100129,Tashkent, Jerryville district
373,Claire Armstrong,0,Male,87.0,+5553465757,Jamesburgh,Unknown,,Unknown,97.0,pending,0.0,excellent,147.0,,"BROKEN,ADDRESS,DATA,,,","['much', 'long']",3.0,2.0,3.0,"['million', 'standard']",3.0,1096.0,1164.0,laptop,Dell,2022.0,phone,Apple,2021.0,Unknown,Unknown,Unknown
374,Unknown,22,Female,67.0,+0010297228333,Gravesmouth,Unknown,1985-02-05 00:00:00,Python,0.0,active,0.0,None,202.0,1996-01-12 06:48:14,"BROKEN,ADDRESS,DATA,,,","['they', 'final']",3.0,5.0,4.0,"['work', 'high']",5.0,660.0,1327.0,laptop,HP,2024.0,phone,Xiaomi,2023.0,Unknown,Unknown,Unknown
375,Unknown,18,Unknown,0.0,+2898535617,Alexville,jmorris@miller-george.info,1971-07-16 09:39:00,Data Science,0.0,active,0.0,excellent,119.0,1972-05-02 00:00:00,"20130 Clifford Manor, Michaelmouth","['develop', 'girl']",4.0,3.0,1.0,"['to', 'several']",2.0,786.0,645.0,laptop,Lenovo,2021.0,phone,Samsung,2020.0,20130,Michaelmouth,Unknown
376,Shawn Lewis,19,Male,89.0,Unknown,Roseville,phill@thompson.com,,Data Science,0.0,active,0.0,  excellent  ,206.0,2009-02-15 21:26:28,"48963 Jones Summit, East Jillstad","['successful', 'small']",2.0,1.0,5.0,"['require', 'to']",0.0,1411.0,853.0,laptop,Dell,2024.0,phone,Apple,2018.0,48963,East Jillstad,Unknown
377,Robert Phillips,20,Male,0.0,+7613483331,Rodriguezstad,Unknown,1971-11-02 00:00:00,Unknown,0.0,active,0.0,average,95.0,2000-01-31 00:00:00,"69350 Logan Gardens, Davidland","['offer', 'unit']",2.0,1.0,2.0,"['tree', 'understand']",3.0,785.0,1178.0,laptop,Lenovo,2020.0,phone,Apple,2022.0,69350,Davidland,Unknown
378,Amy Elliott ,20,Female,0.0,+2009333338,Deniseland,Unknown,1973-02-21 11:46:00,Data Science,0.0,active,0.0,None,22200.0,2017-04-08 00:00:00,"Apartment 28, Juanhaven district, Tashkent, UZ, 100382","['remain', 'upon']",4.0,5.0,5.0,"['above', 'make']",4.0,1366.0,1367.0,laptop,HP,2017.0,phone,Xiaomi,2019.0,100382,Tashkent, Juanhaven district
379,Lori Hall,20,Unknown,0.0,+0018792974592,South Jasonchester,Unknown,2012-10-19 00:09:00,Unknown,0.0,active,0.0,good,20700.0,,"Gutierrezchester 4-kv, dom 8, Tashkent",,,,,,,,,,,,,,,Unknown,Tashkent,Unknown
380,Luke Frazier,0,Male,0.0,Unknown,Johnburgh,gregory00@wiggins.info,2022-09-18 00:00:00,Unknown,0.0,active,0.0,  excellent  ,188.0,,"Apartment 16, West Glenn district, Tashkent, UZ, 100309","['pressure', 'yeah']",2.0,4.0,2.0,"['husband', 'contain']",4.0,1057.0,1225.0,laptop,Lenovo,2018.0,phone,Samsung,2023.0,100309,Tashkent, West Glenn district
381,Unknown,22,Unknown,0.0,+9311129647,Ashleymouth,Unknown,2018-04-09 00:00:00,Unknown,0.0,active,3.79,  excellent  ,168.0,1976-03-29 00:00:00,"015 Claudia Fort, Nicolehaven","['sport', 'tough']",2.0,2.0,1.0,"['poor', 'little']",1.0,1286.0,1196.0,laptop,HP,2017.0,phone,Samsung,2020.0,Unknown,Nicolehaven,Unknown
382,Nathan Murray,22,Unknown,0.0,Unknown,New Gary,Unknown,2002-04-04 17:41:00,Data Science,0.0,inactive,0.0,average,20400.0,2008-10-12 22:30:00,"Apartment 11, Cardenasport district, Tashkent, UZ, 100181","['garden', 'water']",5.0,4.0,1.0,"['class', 'party']",0.0,371.0,941.0,laptop,Dell,2023.0,phone,Xiaomi,2021.0,100181,Tashkent, Cardenasport district
383,Julie Howard ,20,Male,68.0,Unknown,Spencerside,Unknown,2012-03-31 00:00:00,Data Science,0.0,active,0.0,None,105.0,,"Johnbury 21-kv, dom 30, Tashkent",,,,,,,,,,,,,,,Unknown,Tashkent,Unknown
384,Unknown,18,Female,0.0,+5014533891,New Jasonmouth,foleylauren@yahoo.com,1995-10-16 05:02:00,Data Science,75.0,inactive,0.0,None,272.0,1972-11-19 00:00:00,"79649 Drake Locks, Anthonymouth","['charge', 'conference']",5.0,5.0,4.0,"['available', 'growth']",0.0,715.0,1431.0,laptop,HP,2024.0,phone,Apple,2022.0,79649,Anthonymouth,Unknown
385,Unknown,18,Female,90.0,+6394022356,Kaylastad,Unknown,1995-08-31 00:00:00,Unknown,0.0,pending,0.0,None,54.0,2011-01-30 04:35:00,"West Haleyton 6-kv, dom 8, Tashkent",,,,,,,,,,,,,,,Unknown,Tashkent,Unknown
386,Walter Bass,18,Unknown,94.0,+4998704999,Barnettton,Unknown,2010-12-26 12:49:32,Unknown,0.0,inactive,0.0,good,156.0,2004-10-22 00:00:00,"Apartment 10, Mcclureborough district, Tashkent, UZ, 100854",,,,,,,,,,,,,,,100854,Tashkent, Mcclureborough district
387,Pamela Jackson,20,Female,0.0,Unknown,Jameschester,mthomas@gmail.com,1996-06-10 21:55:17,Python,0.0,pending,0.0,average,164.0,2013-04-11 00:00:00,"4387 Schultz Ville Suite 145, Port Candaceland",,,,,,,,,,,,,,,Unknown,Port Candaceland,Unknown
388,Julie Simpson,22,Male,0.0,+4902874294,Bryantport,Unknown,2008-01-20 00:00:00,Data Science,73.0,pending,0.0,good,27300.0,2022-05-25 00:00:00,UZ 100279 Tashkent Smithton,"['suggest', 'any']",4.0,4.0,1.0,"['time', 'always']",0.0,1470.0,637.0,laptop,Dell,2022.0,phone,Samsung,2018.0,100279,Unknown,Unknown
389,Unknown,21,Female,0.0,Unknown,Jennifershire,emilymiller@rodriguez.com,1997-07-24 00:00:00,Unknown,99.0,active,0.0,excellent,224.0,1988-03-19 07:13:00,"BROKEN,ADDRESS,DATA,,,","['alone', 'campaign']",1.0,5.0,4.0,"['thought', 'free']",5.0,247.0,1018.0,laptop,HP,2015.0,phone,Xiaomi,2021.0,Unknown,Unknown,Unknown
390,Terry Schaefer,20,Unknown,0.0,+14454375985,New Michael,spencestacy@yahoo.com,2023-02-01 00:00:00,Unknown,0.0,pending,0.0,None,229.0,1993-09-02 23:31:26,"Apartment 29, Deniseview district, Tashkent, UZ, 100684",,,,,,,,,,,,,,,100684,Tashkent, Deniseview district
391,Bobby Armstrong ,19,Female,0.0,Unknown,Lake Joshua,Unknown,1971-09-06 17:07:00,Data Science,0.0,pending,3.37,None,286.0,1982-12-09 00:00:00,"Amandaview 11-kv, dom 34, Tashkent",,,,,,,,,,,,,,,Unknown,Tashkent,Unknown
392,Maureen Clark,0,Male,56.0,Unknown,Campbellmouth,Unknown,2009-05-26 19:59:00,Unknown,0.0,pending,0.0,None,153.0,1976-07-12 07:26:09,"Apartment 46, Williamsview district, Tashkent, UZ, 100561",,,,,,,,,,,,,,,100561,Tashkent, Williamsview district
393,Lance Matthews,0,Unknown,0.0,Unknown,West Jacob,Unknown,2025-08-05 17:25:00,Unknown,62.0,pending,1.58,good,287.0,,"New Steven 4-kv, dom 23, Tashkent",,,,,,,,,,,,,,,Unknown,Tashkent,Unknown
394,Unknown,0,Male,0.0,+0548903307,North Michael,nathan24@carroll.biz,,Data Science,0.0,pending,0.0,None,264.0,1973-03-30 00:00:00,"Apartment 17, Johnsonburgh district, Tashkent, UZ, 100810","['activity', 'five']",3.0,2.0,5.0,"['station', 'suddenly']",0.0,496.0,1494.0,laptop,Dell,2019.0,phone,Samsung,2021.0,100810,Tashkent, Johnsonburgh district
395,Donna Watkins,18,Male,0.0,+8785168334,Port Leahchester,Unknown,1979-08-21 00:00:00,Data Science,0.0,active,0.0,average,201.0,1987-03-06 00:00:00,"Apartment 18, Jonathantown district, Tashkent, UZ, 100374","['later', 'manager']",2.0,3.0,4.0,"['TV', 'church']",4.0,293.0,1109.0,laptop,Lenovo,2019.0,phone,Xiaomi,2018.0,100374,Tashkent, Jonathantown district
396,Unknown,21,Female,61.0,Unknown,South Jeffrey,Unknown,,Unknown,0.0,pending,0.0,  excellent  ,257.0,2008-04-07 15:02:00,"16728 Villa Way Suite 288, North Cody","['voice', 'scene']",1.0,4.0,4.0,"['factor', 'art']",1.0,752.0,398.0,laptop,Dell,2022.0,phone,Apple,2021.0,16728,North Cody,Unknown
397,Toni Beck ,0,Male,0.0,Unknown,East Sonyaview,Unknown,1996-06-02 17:51:00,Unknown,0.0,inactive,0.0,good,21500.0,1993-12-24 00:00:00,"8989 Wesley Prairie Suite 040, Lake Paulfort","['daughter', 'visit']",5.0,5.0,5.0,"['understand', 'two']",5.0,346.0,1429.0,laptop,Dell,2017.0,phone,Xiaomi,2018.0,Unknown,Lake Paulfort,Unknown
398,Unknown,0,Male,0.0,+8960384284,Markfort,dmaldonado@vazquez.info,2006-12-22 00:00:00,Unknown,0.0,pending,0.0,average,239.0,1996-09-29 03:59:34,"4018 Hutchinson Camp Apt. 954, Lake Michelleport","['rule', 'himself']",4.0,2.0,5.0,"['human', 'front']",0.0,967.0,253.0,laptop,HP,2018.0,phone,Xiaomi,2019.0,Unknown,Lake Michelleport,Unknown
399,Sarah Stafford ,18,Female,0.0,Unknown,North Angelatown,Unknown,1984-11-07 11:37:00,Data Science,83.0,pending,1.84,  excellent  ,195.0,1995-03-08 02:43:00,"Wayneland 15-kv, dom 40, Tashkent","['seek', 'until']",1.0,5.0,4.0,"['thus', 'state']",2.0,979.0,784.0,laptop,Dell,2019.0,phone,Samsung,2023.0,Unknown,Tashkent,Unknown
400,Cameron Potter DDS,0,Female,83.0,+0016696556558,West Annaberg,jwoods@gmail.com,,Data Science,0.0,pending,0.0,None,283.0,1994-03-21 00:00:00,"36971 Christine Meadow, Ashleytown","['wrong', 'event']",4.0,5.0,1.0,"['final', 'very']",0.0,1250.0,614.0,laptop,Dell,2017.0,phone,Samsung,2019.0,36971,Ashleytown,Unknown
401,Kim Tran,20,Female,51.0,+0018930381756,Port Daniel,Unknown,1984-08-24 08:36:15,Unknown,0.0,active,0.0,  excellent  ,164.0,2025-04-08 00:00:00,"Apartment 20, Port David district, Tashkent, UZ, 100754","['agreement', 'who']",3.0,1.0,3.0,"['word', 'start']",4.0,773.0,214.0,laptop,Lenovo,2021.0,phone,Samsung,2021.0,100754,Tashkent, Port David district
402,Zachary Brooks,19,Unknown,80.0,+0897907904,Nealview,anthonyhamilton@yahoo.com,2020-10-12 00:00:00,Unknown,90.0,active,0.0,excellent,77.0,2009-07-16 00:00:00,"East Philipport 26-kv, dom 1, Tashkent",,,,,,,,,,,,,,,Unknown,Tashkent,Unknown
403,Charles Solis,18,Unknown,93.0,Unknown,Armstrongville,Unknown,2015-07-10 15:43:07,Unknown,0.0,active,0.0,excellent,151.0,2012-05-17 10:07:25,"Lake Michael 24-kv, dom 22, Tashkent",,,,,,,,,,,,,,,Unknown,Tashkent,Unknown
404,Benjamin Sims ,19,Male,0.0,+0016812704365,North Felicia,Unknown,1986-09-16 00:00:00,Unknown,0.0,inactive,0.0,average,26700.0,2006-05-23 18:56:00,"Apartment 9, Port William district, Tashkent, UZ, 100656",,,,,,,,,,,,,,,100656,Tashkent, Port William district
405,Jessica Davidson,0,Female,0.0,Unknown,Lake Madison,Unknown,1988-08-30 11:17:35,Data Science,66.0,active,0.0,good,74.0,1985-06-14 00:00:00,"Kimberlyside 28-kv, dom 26, Tashkent","['sound', 'feel']",1.0,5.0,4.0,"['democratic', 'blood']",3.0,1243.0,1258.0,laptop,Lenovo,2018.0,phone,Samsung,2023.0,Unknown,Tashkent,Unknown
406,Unknown,18,Male,70.0,Unknown,New Jason,Unknown,1978-10-02 00:00:00,Unknown,0.0,active,0.0,average,105.0,2025-02-16 00:00:00,"BROKEN,ADDRESS,DATA,,,","['key', 'hair']",4.0,4.0,2.0,"['leader', 'mission']",2.0,350.0,517.0,laptop,HP,2022.0,phone,Apple,2018.0,Unknown,Unknown,Unknown
407,Unknown,18,Unknown,0.0,+11025369331,Romeroport,Unknown,1999-02-16 00:00:00,Unknown,0.0,pending,0.0,average,18100.0,2002-07-27 00:00:00,"BROKEN,ADDRESS,DATA,,,","['none', 'test']",5.0,4.0,4.0,"['five', 'body']",4.0,1087.0,516.0,laptop,Dell,2018.0,phone,Samsung,2018.0,Unknown,Unknown,Unknown
408,Melissa Sullivan,21,Male,0.0,Unknown,Lake Wesley,Unknown,,Python,0.0,pending,0.0,excellent,160.0,1980-01-13 23:53:00,"BROKEN,ADDRESS,DATA,,,",,,,,,,,,,,,,,,Unknown,Unknown,Unknown
409,Donna White,20,Unknown,0.0,+3443962791,Richardbury,Unknown,2020-10-25 00:00:00,Python,0.0,inactive,3.56,good,233.0,1997-12-27 00:00:00,"Apartment 27, New Patricia district, Tashkent, UZ, 100235","['capital', 'decision']",5.0,2.0,4.0,"['space', 'across']",4.0,310.0,1129.0,laptop,Lenovo,2021.0,phone,Xiaomi,2019.0,100235,Tashkent, New Patricia district
410,Michael Garrett ,20,Female,64.0,Unknown,North Samanthaberg,Unknown,1996-09-19 10:21:00,Data Science,0.0,active,2.18,  excellent  ,272.0,2021-01-17 00:00:00,"BROKEN,ADDRESS,DATA,,,",,,,,,,,,,,,,,,Unknown,Unknown,Unknown
411,Robert Rojas,21,Unknown,69.0,+10329592641,New Randy,Unknown,1992-11-30 00:00:00,Unknown,0.0,inactive,0.0,None,258.0,2003-04-23 00:00:00,"BROKEN,ADDRESS,DATA,,,","['tend', 'goal']",3.0,4.0,1.0,"['pull', 'form']",0.0,1252.0,483.0,laptop,Lenovo,2023.0,phone,Xiaomi,2018.0,Unknown,Unknown,Unknown
412,Alexandria Ruiz ,0,Unknown,0.0,+2476352532,New Jasontown,Unknown,,Unknown,0.0,pending,3.75,average,205.0,2019-10-02 00:00:00,UZ 100910 Tashkent New Joseph,,,,,,,,,,,,,,,100910,Unknown,Unknown
413,Terry Payne,18,Unknown,0.0,Unknown,Tuckerland,igonzalez@yahoo.com,1977-04-18 01:06:25,Data Science,0.0,inactive,0.0,average,18300.0,2011-12-12 00:00:00,"6421 Lane Falls Apt. 045, East Deborahport","['how', 'all']",1.0,4.0,3.0,"['ago', 'expert']",2.0,1459.0,839.0,laptop,Lenovo,2019.0,phone,Xiaomi,2020.0,Unknown,East Deborahport,Unknown
414,Roger Williams,18,Male,77.0,Unknown,Tommymouth,Unknown,,Unknown,0.0,inactive,0.0,None,195.0,2012-09-13 14:35:00,UZ 100809 Tashkent East Michaelhaven,,,,,,,,,,,,,,,100809,Unknown,Unknown
415,Victoria Butler ,20,Unknown,80.0,Unknown,Lake Deborah,Unknown,1976-09-09 00:00:00,Data Science,0.0,pending,0.0,good,298.0,,"East Jasonstad 26-kv, dom 14, Tashkent",,,,,,,,,,,,,,,Unknown,Tashkent,Unknown
416,Unknown,20,Unknown,85.0,Unknown,Gregoryville,Unknown,2010-12-24 00:00:00,Python,0.0,active,0.0,good,241.0,2006-05-03 23:59:00,"BROKEN,ADDRESS,DATA,,,",,,,,,,,,,,,,,,Unknown,Unknown,Unknown
417,Valerie Cohen,20,Male,78.0,+8164806921,West Christinatown,Unknown,,Data Science,0.0,pending,0.0,good,224.0,1978-06-20 01:57:23,UZ 100155 Tashkent Lake Lukeland,,,,,,,,,,,,,,,100155,Unknown,Unknown
418,Unknown,22,Unknown,0.0,+16580943682,North Jonathan,Unknown,1997-05-07 00:00:00,Unknown,0.0,pending,0.0,good,210.0,1970-08-02 00:00:00,UZ 100507 Tashkent Lake Jodiview,,,,,,,,,,,,,,,100507,Unknown,Unknown
419,Unknown,18,Unknown,0.0,+9257538008,South Joshuamouth,Unknown,2015-03-13 00:00:00,Data Science,0.0,pending,0.0,excellent,13500.0,,"Port Catherinemouth 29-kv, dom 47, Tashkent","['camera', 'argue']",2.0,3.0,2.0,"['body', 'husband']",1.0,908.0,489.0,laptop,Dell,2018.0,phone,Apple,2021.0,Unknown,Tashkent,Unknown
420,Shirley Mccann ,18,Unknown,91.0,+0010478447396,South Claudiafort,Unknown,,Data Science,0.0,inactive,0.0,good,204.0,1995-10-28 09:52:00,"28439 Frances Extension Suite 697, Ronaldburgh","['practice', 'know']",2.0,4.0,1.0,"['very', 'thing']",5.0,1232.0,1067.0,laptop,Dell,2015.0,phone,Apple,2019.0,28439,Ronaldburgh,Unknown
421,Unknown,20,Male,0.0,Unknown,South Stephanie,Unknown,2014-12-17 00:00:00,Data Science,0.0,pending,0.0,  excellent  ,209.0,2016-01-27 21:46:00,"791 Norma Fork, Port Garyport","['radio', 'summer']",3.0,3.0,5.0,"['marriage', 'help']",4.0,413.0,910.0,laptop,HP,2020.0,phone,Apple,2024.0,Unknown,Port Garyport,Unknown
422,Steven Butler ,21,Female,55.0,Unknown,Ayersview,wellslynn@bishop-bates.com,,Unknown,0.0,inactive,0.0,average,149.0,,"Apartment 49, Wallshire district, Tashkent, UZ, 100522","['for', 'save']",1.0,3.0,1.0,"['group', 'public']",1.0,1475.0,731.0,laptop,Lenovo,2022.0,phone,Xiaomi,2022.0,100522,Tashkent, Wallshire district
423,David Daugherty ,20,Female,0.0,Unknown,Josemouth,Unknown,2017-03-06 00:00:00,Unknown,77.0,inactive,0.0,good,104.0,2016-07-01 22:06:27,"BROKEN,ADDRESS,DATA,,,","['manager', 'election']",4.0,5.0,5.0,"['actually', 'talk']",3.0,1335.0,205.0,laptop,Lenovo,2021.0,phone,Samsung,2023.0,Unknown,Unknown,Unknown
424,Christopher Gill,22,Female,0.0,+0012313074684,Jessicaview,bassmichael@hotmail.com,1985-09-10 16:33:19,Data Science,60.0,inactive,0.0,  excellent  ,218.0,2004-06-28 00:00:00,"Apartment 23, East Chad district, Tashkent, UZ, 100316","['world', 'computer']",2.0,2.0,2.0,"['wide', 'exactly']",3.0,588.0,652.0,laptop,Dell,2021.0,phone,Xiaomi,2021.0,100316,Tashkent, East Chad district
425,Timothy Winters,18,Male,0.0,Unknown,Vasquezberg,Unknown,2000-07-31 11:37:00,Unknown,0.0,pending,0.0,excellent,65.0,1996-01-07 00:00:00,UZ 100174 Tashkent Michaeltown,"['space', 'mother']",3.0,3.0,2.0,"['possible', 'kitchen']",2.0,889.0,505.0,laptop,HP,2017.0,phone,Samsung,2023.0,100174,Unknown,Unknown
426,Sarah Nelson,18,Unknown,76.0,+7861698025,Port Jessicafort,Unknown,2020-12-02 18:43:00,Unknown,70.0,inactive,3.24,excellent,100.0,2007-08-18 00:00:00,"BROKEN,ADDRESS,DATA,,,",,,,,,,,,,,,,,,Unknown,Unknown,Unknown
427,Ryan Baker ,22,Male,64.0,+16189580345,Nicholston,anthony51@barajas-li.com,,Unknown,81.0,pending,0.0,excellent,284.0,1990-09-24 00:00:00,UZ 100113 Tashkent North Roy,"['fight', 'difference']",1.0,2.0,2.0,"['allow', 'condition']",0.0,628.0,514.0,laptop,Lenovo,2015.0,phone,Samsung,2022.0,100113,Unknown,Unknown
428,Unknown,18,Female,0.0,+6558940205,Thompsonberg,Unknown,1978-02-28 00:00:00,Data Science,75.0,pending,0.0,  excellent  ,17400.0,2004-09-12 00:00:00,"Apartment 44, Smithshire district, Tashkent, UZ, 100091","['nation', 'if']",5.0,4.0,5.0,"['assume', 'matter']",4.0,1339.0,1067.0,laptop,Dell,2017.0,phone,Samsung,2023.0,100091,Tashkent, Smithshire district
429,Anthony Armstrong,0,Unknown,0.0,+11754433483,Laurenmouth,maryjimenez@mullins.biz,1997-04-10 12:07:40,Unknown,0.0,active,0.0,good,22200.0,2002-07-28 00:00:00,UZ 100144 Tashkent Lake Dawnside,"['travel', 'exactly']",1.0,2.0,5.0,"['add', 'hot']",0.0,795.0,317.0,laptop,Lenovo,2015.0,phone,Apple,2022.0,100144,Unknown,Unknown
430,Tammy Green,21,Unknown,90.0,+0011900245538,Rushfurt,Unknown,2019-03-01 14:38:37,Data Science,0.0,inactive,0.0,good,65.0,1993-05-28 00:00:00,"Apartment 47, East Michele district, Tashkent, UZ, 100025","['beyond', 'federal']",5.0,1.0,5.0,"['away', 'south']",1.0,749.0,540.0,laptop,HP,2020.0,phone,Samsung,2023.0,100025,Tashkent, East Michele district
431,Juan Wright ,22,Female,84.0,+14779218703,North Robertshire,Unknown,2014-07-28 18:41:03,Unknown,0.0,pending,0.0,average,26000.0,1994-01-29 00:00:00,UZ 100116 Tashkent Jamesfort,"['pass', 'federal']",3.0,3.0,2.0,"['fund', 'main']",3.0,1115.0,932.0,laptop,HP,2019.0,phone,Apple,2023.0,100116,Unknown,Unknown
432,Unknown,21,Female,63.0,+19568390447,Sharpmouth,troy24@gmail.com,2003-08-15 20:55:29,Unknown,0.0,inactive,0.0,average,281.0,1984-09-10 17:56:00,"Gibsonhaven 7-kv, dom 6, Tashkent",,,,,,,,,,,,,,,Unknown,Tashkent,Unknown
433,Belinda Crawford ,22,Female,0.0,Unknown,South Adamside,Unknown,1985-06-21 07:23:40,Unknown,0.0,inactive,0.0,excellent,79.0,1971-06-04 00:00:00,UZ 100395 Tashkent West Jasonport,,,,,,,,,,,,,,,100395,Unknown,Unknown
434,Danielle Roberts,20,Male,0.0,Unknown,New Timothystad,Unknown,2025-07-14 10:43:02,Data Science,0.0,active,0.0,average,201.0,2022-10-11 01:06:08,"BROKEN,ADDRESS,DATA,,,","['test', 'decide']",2.0,4.0,4.0,"['left', 'picture']",5.0,1045.0,610.0,laptop,HP,2018.0,phone,Xiaomi,2019.0,Unknown,Unknown,Unknown
435,Barbara Allen,0,Female,73.0,+0016637101993,Josephside,Unknown,2010-08-25 20:10:00,Data Science,94.0,active,0.0,None,74.0,,UZ 100323 Tashkent North Tracyport,,,,,,,,,,,,,,,100323,Unknown,Unknown
436,Unknown,0,Female,0.0,Unknown,Lake Jeffrey,ramirezrobin@yahoo.com,1991-10-13 11:59:00,Unknown,85.0,inactive,0.0,  excellent  ,23500.0,1980-02-14 00:40:00,"32167 Phillips Expressway, Lake Brittany","['success', 'current']",3.0,1.0,3.0,"['issue', 'performance']",0.0,1070.0,873.0,laptop,HP,2018.0,phone,Samsung,2022.0,32167,Lake Brittany,Unknown
437,Unknown,20,Male,60.0,+5121107927,Garciaton,hensonchristina@brown.com,,Data Science,0.0,pending,0.0,good,68.0,,"Apartment 49, New William district, Tashkent, UZ, 100630","['any', 'bad']",3.0,5.0,3.0,"['whatever', 'his']",3.0,1029.0,217.0,laptop,HP,2018.0,phone,Samsung,2018.0,100630,Tashkent, New William district
438,Unknown,21,Female,0.0,Unknown,Clarkchester,emilyhahn@sanchez.biz,1972-12-11 00:00:00,Unknown,0.0,inactive,0.0,None,162.0,1984-03-16 00:00:00,"Apartment 50, Port Hannahchester district, Tashkent, UZ, 100469",,,,,,,,,,,,,,,100469,Tashkent, Port Hannahchester district
439,Jessica Ford,21,Unknown,68.0,Unknown,East Hollyville,jeffrey59@murphy-andrews.com,2005-11-28 00:00:00,Unknown,0.0,pending,0.0,  excellent  ,6300.0,1993-02-24 21:56:00,"New Andreaton 3-kv, dom 49, Tashkent","['event', 'authority']",4.0,2.0,3.0,"['speech', 'environment']",3.0,381.0,811.0,laptop,Dell,2021.0,phone,Xiaomi,2022.0,Unknown,Tashkent,Unknown
440,Scott Bailey ,0,Female,100.0,Unknown,South Cynthiamouth,Unknown,1998-01-08 00:00:00,Unknown,0.0,inactive,0.0,average,157.0,1993-01-07 19:37:00,"East Melissa 19-kv, dom 44, Tashkent","['wrong', 'central']",2.0,3.0,5.0,"['anyone', 'space']",4.0,513.0,1090.0,laptop,HP,2022.0,phone,Samsung,2024.0,Unknown,Tashkent,Unknown
441,Christopher Stevenson ,18,Female,95.0,Unknown,Lake Marilyn,Unknown,2023-06-07 00:00:00,Unknown,70.0,inactive,0.0,good,29900.0,1973-11-19 00:00:00,"Kathleenchester 19-kv, dom 10, Tashkent","['full', 'for']",1.0,3.0,3.0,"['present', 'standard']",1.0,438.0,1473.0,laptop,Dell,2018.0,phone,Samsung,2020.0,Unknown,Tashkent,Unknown
442,Chris Hernandez,19,Unknown,0.0,+3498991644,Taylorview,Unknown,2005-10-11 00:00:00,Unknown,65.0,pending,0.0,  excellent  ,236.0,1998-06-14 16:34:54,"Apartment 32, Tammychester district, Tashkent, UZ, 100928","['matter', 'test']",1.0,1.0,5.0,"['as', 'work']",3.0,956.0,612.0,laptop,HP,2019.0,phone,Samsung,2020.0,100928,Tashkent, Tammychester district
443,Unknown,18,Female,69.0,+0013634269766,Meyershire,Unknown,1995-12-07 14:03:00,Unknown,0.0,active,0.0,  excellent  ,297.0,,"721 Ball Camp Suite 246, Hernandeztown","['official', 'choice']",1.0,3.0,3.0,"['green', 'again']",0.0,883.0,1290.0,laptop,Dell,2024.0,phone,Xiaomi,2021.0,Unknown,Hernandeztown,Unknown
444,Unknown,19,Unknown,0.0,+8401183990,East Brianport,Unknown,,Unknown,0.0,active,3.07,None,213.0,,"Apartment 44, East Michele district, Tashkent, UZ, 100459","['leader', 'everything']",5.0,4.0,5.0,"['public', 'level']",4.0,1489.0,423.0,laptop,HP,2024.0,phone,Apple,2019.0,100459,Tashkent, East Michele district
445,Nathan Bell ,20,Unknown,0.0,+13845418009,West Tylerport,Unknown,2008-05-23 21:21:36,Python,0.0,active,0.0,average,192.0,2017-12-05 00:00:00,"5951 Richard Common, Wilsonview","['what', 'sometimes']",2.0,4.0,2.0,"['dinner', 'where']",4.0,720.0,814.0,laptop,HP,2019.0,phone,Apple,2024.0,Unknown,Wilsonview,Unknown
446,Michael Delgado ,18,Unknown,92.0,+7570816072,East Michelle,lbailey@gmail.com,2024-01-17 11:00:00,Unknown,95.0,pending,0.0,excellent,215.0,,"BROKEN,ADDRESS,DATA,,,","['article', 'west']",3.0,1.0,1.0,"['call', 'edge']",3.0,1085.0,1135.0,laptop,HP,2015.0,phone,Xiaomi,2024.0,Unknown,Unknown,Unknown
447,Brandy King ,0,Unknown,81.0,Unknown,East Mark,Unknown,1997-07-11 00:00:00,Unknown,0.0,active,0.0,  excellent  ,117.0,1983-12-01 00:00:00,"39753 Emily Harbors, North Danielleview","['center', 'benefit']",3.0,4.0,4.0,"['still', 'piece']",4.0,669.0,732.0,laptop,Dell,2023.0,phone,Apple,2018.0,39753,North Danielleview,Unknown
448,Karen Martinez ,0,Unknown,70.0,Unknown,Owenfort,Unknown,1976-05-18 00:00:00,Python,60.0,pending,0.0,None,252.0,,UZ 100447 Tashkent New Kevin,,,,,,,,,,,,,,,100447,Unknown,Unknown
449,Jeffery Miller ,20,Unknown,71.0,+3054362371,Thomasstad,Unknown,,Data Science,0.0,pending,0.0,None,251.0,1980-12-01 20:14:00,"BROKEN,ADDRESS,DATA,,,","['assume', 'assume']",5.0,5.0,5.0,"['the', 'front']",0.0,976.0,689.0,laptop,Dell,2024.0,phone,Apple,2018.0,Unknown,Unknown,Unknown
450,Daniel Murphy,19,Unknown,70.0,Unknown,Lake Nathan,joseph15@may-martinez.info,2025-11-12 00:00:00,Unknown,97.0,pending,0.0,  excellent  ,243.0,2019-04-05 00:00:00,"BROKEN,ADDRESS,DATA,,,","['raise', 'skill']",5.0,3.0,2.0,"['personal', 'long']",1.0,491.0,799.0,laptop,Lenovo,2017.0,phone,Samsung,2024.0,Unknown,Unknown,Unknown
451,Amber Brooks,21,Female,69.0,+0011923853074,East Don,richard36@gmail.com,1991-11-09 00:00:00,Data Science,0.0,pending,0.0,  excellent  ,193.0,2018-02-06 00:00:00,"Lake David 11-kv, dom 11, Tashkent","['hour', 'ready']",1.0,5.0,1.0,"['once', 'general']",4.0,693.0,444.0,laptop,Lenovo,2021.0,phone,Xiaomi,2023.0,Unknown,Tashkent,Unknown
452,Anna Ayers ,22,Unknown,63.0,+1012705764,Lake Kim,Unknown,1974-12-02 00:00:00,Unknown,0.0,inactive,0.0,  excellent  ,235.0,2001-12-26 00:00:00,"BROKEN,ADDRESS,DATA,,,",,,,,,,,,,,,,,,Unknown,Unknown,Unknown
453,Julie Flores ,18,Unknown,0.0,+3635720111,North Josephchester,Unknown,2007-02-14 00:00:00,Unknown,0.0,active,0.0,excellent,12200.0,2014-10-09 12:03:00,UZ 100779 Tashkent Sophiashire,,,,,,,,,,,,,,,100779,Unknown,Unknown
454,Michael Riley,0,Unknown,0.0,+15453082963,Jamesside,bnewman@edwards.net,1985-02-12 00:00:00,Python,0.0,active,0.0,average,19800.0,,"South Jonathanview 11-kv, dom 15, Tashkent",,,,,,,,,,,,,,,Unknown,Tashkent,Unknown
455,Emily Ray ,22,Female,0.0,+18430547914,North Christopherton,Unknown,1997-05-10 12:19:37,Unknown,0.0,active,0.0,excellent,184.0,1998-03-18 21:57:58,UZ 100680 Tashkent Cartermouth,"['may', 'challenge']",5.0,2.0,4.0,"['wife', 'mouth']",0.0,1386.0,1411.0,laptop,Lenovo,2015.0,phone,Xiaomi,2019.0,100680,Unknown,Unknown
456,Unknown,0,Unknown,63.0,Unknown,Perezmouth,Unknown,2004-12-05 00:00:00,Unknown,84.0,active,0.0,good,18900.0,2019-07-22 17:48:42,"11041 Kristen Mountain, Stewartshire",,,,,,,,,,,,,,,11041,Stewartshire,Unknown
457,Wendy Williams,20,Female,54.0,+2544662154,Port Luisstad,rogershannah@calderon-romero.com,2010-09-17 20:25:00,Unknown,72.0,pending,0.0,None,279.0,2003-06-22 09:06:00,"New Katherine 17-kv, dom 14, Tashkent",,,,,,,,,,,,,,,Unknown,Tashkent,Unknown
458,Steven Gray ,18,Male,93.0,+12311405276,Rogerville,Unknown,1993-09-08 11:26:29,Python,84.0,inactive,0.0,excellent,21400.0,2020-02-16 00:00:00,"BROKEN,ADDRESS,DATA,,,","['garden', 'Mrs']",4.0,2.0,5.0,"['ten', 'safe']",1.0,819.0,1374.0,laptop,Lenovo,2022.0,phone,Samsung,2023.0,Unknown,Unknown,Unknown
459,Melanie Kline ,0,Female,91.0,+0961195797,Rodriguezborough,Unknown,1972-10-28 00:00:00,Unknown,0.0,pending,0.0,  excellent  ,29000.0,2025-08-15 00:00:00,UZ 100349 Tashkent Bryantmouth,"['throw', 'free']",2.0,2.0,4.0,"['identify', 'network']",5.0,1179.0,918.0,laptop,HP,2016.0,phone,Xiaomi,2022.0,100349,Unknown,Unknown
460,Unknown,20,Unknown,66.0,+14965194828,West Frankfurt,krystal72@hotmail.com,1981-04-29 17:52:19,Unknown,0.0,inactive,0.0,  excellent  ,124.0,1970-10-13 21:54:00,"4044 Ashley Canyon Suite 093, Eugenebury","['Democrat', 'ago']",1.0,2.0,3.0,"['fall', 'nor']",4.0,769.0,1087.0,laptop,Lenovo,2016.0,phone,Samsung,2023.0,Unknown,Eugenebury,Unknown
461,Unknown,20,Male,77.0,Unknown,East Morgan,christine49@hoffman-edwards.org,1998-01-08 00:00:00,Unknown,0.0,pending,0.0,None,17300.0,,"Apartment 31, New Tristanstad district, Tashkent, UZ, 100639","['defense', 'on']",5.0,1.0,3.0,"['argue', 'establish']",3.0,1233.0,1205.0,laptop,HP,2022.0,phone,Samsung,2022.0,100639,Tashkent, New Tristanstad district
462,Andrea Clark,22,Unknown,0.0,+17407341280,Santosborough,alisha02@fisher-frye.net,,Unknown,0.0,pending,0.0,excellent,20100.0,1999-03-21 00:00:00,"37125 Harris Ridges, Feliciahaven",,,,,,,,,,,,,,,37125,Feliciahaven,Unknown
463,Unknown,0,Male,0.0,+8258431868,Teresaton,Unknown,,Data Science,0.0,active,0.0,  excellent  ,151.0,2025-11-01 07:48:18,"Apartment 17, East Melanieton district, Tashkent, UZ, 100892","['for', 'program']",5.0,2.0,3.0,"['front', 'get']",3.0,844.0,1300.0,laptop,Dell,2019.0,phone,Samsung,2018.0,100892,Tashkent, East Melanieton district
464,Unknown,18,Female,62.0,+0011864630034,New Jessica,Unknown,2023-09-19 00:00:00,Data Science,0.0,active,0.0,excellent,121.0,1988-10-09 19:54:50,"6619 Mills Island Suite 519, East Richard","['garden', 'language']",2.0,1.0,2.0,"['gas', 'eye']",5.0,335.0,260.0,laptop,Dell,2024.0,phone,Samsung,2022.0,Unknown,East Richard,Unknown
465,Katelyn Houston ,0,Female,0.0,Unknown,Lauramouth,Unknown,1972-08-21 00:00:00,Unknown,0.0,active,0.0,None,279.0,2010-10-15 11:08:44,"82258 Ward Vista, Trevorport","['sport', 'others']",3.0,2.0,1.0,"['the', 'appear']",2.0,1376.0,1310.0,laptop,Lenovo,2016.0,phone,Apple,2021.0,82258,Trevorport,Unknown
466,Cody Russell,0,Male,73.0,+7788897511,Powellfurt,Unknown,2000-09-17 00:00:00,Unknown,0.0,pending,0.0,good,138.0,1998-04-01 00:00:00,"Apartment 17, Davidview district, Tashkent, UZ, 100309",,,,,,,,,,,,,,,100309,Tashkent, Davidview district
467,Maria Glass,0,Male,74.0,+2016719931,Port Katieville,Unknown,1976-12-16 01:17:00,Unknown,0.0,inactive,0.0,None,202.0,,"59092 Strickland Road Apt. 407, Torresville","['picture', 'election']",4.0,4.0,4.0,"['difficult', 'gas']",4.0,1262.0,379.0,laptop,HP,2024.0,phone,Samsung,2021.0,59092,Torresville,Unknown
468,Unknown,0,Male,93.0,+2466400420,Christopherport,Unknown,,Data Science,0.0,active,0.0,  excellent  ,107.0,,"49187 Holland Crossing Apt. 560, Valenzuelachester","['take', 'approach']",4.0,4.0,2.0,"['increase', 'where']",1.0,508.0,811.0,laptop,Lenovo,2017.0,phone,Samsung,2024.0,49187,Valenzuelachester,Unknown
469,Aaron Lee,19,Male,0.0,+18723615837,West Charlesville,Unknown,1996-02-05 00:00:00,Data Science,0.0,inactive,0.0,good,12000.0,,"BROKEN,ADDRESS,DATA,,,","['last', 'them']",4.0,5.0,5.0,"['economy', 'life']",1.0,815.0,517.0,laptop,Lenovo,2021.0,phone,Xiaomi,2023.0,Unknown,Unknown,Unknown
470,Nichole Woods ,21,Male,0.0,+0018756343708,Fosterburgh,rmartin@gmail.com,,Data Science,76.0,active,0.0,excellent,166.0,1973-09-29 03:55:32,"Apartment 42, South Robertchester district, Tashkent, UZ, 100965","['buy', 'word']",2.0,2.0,5.0,"['listen', 'news']",0.0,614.0,506.0,laptop,Lenovo,2022.0,phone,Apple,2024.0,100965,Tashkent, South Robertchester district
471,Edward Morse,20,Unknown,0.0,+6805358205,Lake Johnborough,Unknown,2013-06-08 00:00:00,Python,0.0,active,0.0,average,159.0,2008-01-29 04:02:00,"Apartment 18, West Javierborough district, Tashkent, UZ, 100982","['cover', 'night']",1.0,2.0,5.0,"['know', 'himself']",1.0,901.0,1349.0,laptop,HP,2024.0,phone,Xiaomi,2021.0,100982,Tashkent, West Javierborough district
472,Unknown,18,Unknown,82.0,Unknown,Thompsonburgh,Unknown,2002-03-09 00:00:00,Unknown,0.0,inactive,0.0,average,127.0,1979-06-06 00:00:00,"Apartment 8, Brownberg district, Tashkent, UZ, 100457",,,,,,,,,,,,,,,100457,Tashkent, Brownberg district
473,Unknown,18,Male,61.0,+4205389587,Lake Michael,Unknown,1974-12-02 00:00:00,Data Science,0.0,pending,0.0,None,289.0,2000-02-28 10:55:00,"New Chris 4-kv, dom 21, Tashkent","['data', 'style']",5.0,2.0,3.0,"['the', 'house']",0.0,1484.0,354.0,laptop,Dell,2022.0,phone,Apple,2021.0,Unknown,Tashkent,Unknown
474,Alexandra Pena ,20,Male,0.0,Unknown,Port Martin,Unknown,,Unknown,0.0,pending,0.0,good,204.0,2003-04-23 00:00:00,"South Vickieport 14-kv, dom 38, Tashkent","['already', 'your']",5.0,4.0,1.0,"['hit', 'ok']",0.0,391.0,1386.0,laptop,Dell,2016.0,phone,Xiaomi,2018.0,Unknown,Tashkent,Unknown
475,Susan Evans ,19,Female,0.0,+8408713220,West Zacharyview,Unknown,1983-01-31 00:00:00,Python,0.0,active,0.0,good,287.0,1979-12-25 00:00:00,"Port Christineton 29-kv, dom 1, Tashkent",,,,,,,,,,,,,,,Unknown,Tashkent,Unknown
476,Unknown,20,Unknown,68.0,Unknown,Lowehaven,annafields@rivera-erickson.com,2023-03-17 00:00:00,Unknown,0.0,pending,0.0,  excellent  ,15900.0,1984-07-05 00:00:00,"BROKEN,ADDRESS,DATA,,,",,,,,,,,,,,,,,,Unknown,Unknown,Unknown
477,Amanda Evans ,20,Unknown,60.0,+0012510530173,Colleenburgh,Unknown,1970-08-01 00:00:00,Unknown,0.0,inactive,0.0,excellent,209.0,2020-09-07 00:00:00,"BROKEN,ADDRESS,DATA,,,","['medical', 'him']",2.0,4.0,3.0,"['subject', 'kind']",0.0,1007.0,1042.0,laptop,Dell,2017.0,phone,Xiaomi,2023.0,Unknown,Unknown,Unknown
478,Jason Michael ,20,Male,83.0,+13119133615,West Jessefurt,vmurphy@baker.com,1979-02-06 00:00:00,Data Science,0.0,active,0.0,excellent,169.0,2003-12-10 00:00:00,"Apartment 45, Wilsonmouth district, Tashkent, UZ, 100904","['they', 'ball']",1.0,1.0,1.0,"['if', 'eye']",1.0,213.0,255.0,laptop,HP,2024.0,phone,Xiaomi,2021.0,100904,Tashkent, Wilsonmouth district
479,Brian Weiss,21,Male,0.0,+3256983868,East Stephanie,Unknown,1995-03-12 07:15:00,Data Science,0.0,active,0.0,average,290.0,1978-02-06 06:25:00,"386 Stanley Club Suite 051, West Dawn","['Democrat', 'property']",2.0,1.0,1.0,"['growth', 'member']",1.0,226.0,559.0,laptop,Dell,2016.0,phone,Samsung,2019.0,Unknown,West Dawn,Unknown
480,Unknown,18,Female,0.0,+0397282149,East Thomasview,christopher88@hotmail.com,2015-02-19 19:05:00,Unknown,0.0,active,0.0,  excellent  ,8000.0,1986-05-20 00:00:00,"BROKEN,ADDRESS,DATA,,,",,,,,,,,,,,,,,,Unknown,Unknown,Unknown
481,Michael Horn ,18,Male,93.0,+11428710815,East Rodney,Unknown,1970-05-10 00:00:00,Unknown,71.0,pending,0.0,excellent,259.0,,UZ 100575 Tashkent Peterland,"['south', 'positive']",3.0,1.0,1.0,"['effort', 'condition']",3.0,1277.0,466.0,laptop,Lenovo,2021.0,phone,Samsung,2019.0,100575,Unknown,Unknown
482,Kimberly Douglas,0,Male,0.0,+0014047736044,Gregoryton,Unknown,2023-04-01 20:43:00,Python,78.0,pending,3.64,excellent,98.0,1972-10-18 23:00:00,UZ 100278 Tashkent New Calvinstad,"['its', 'cultural']",3.0,3.0,2.0,"['east', 'while']",0.0,463.0,839.0,laptop,Lenovo,2018.0,phone,Samsung,2020.0,100278,Unknown,Unknown
483,Matthew Moore ,22,Unknown,76.0,+8382537573,Cooperland,Unknown,1985-06-07 23:50:00,Unknown,89.0,active,3.62,excellent,231.0,1984-06-26 00:00:00,"Apartment 30, Lake Johnland district, Tashkent, UZ, 100801","['same', 'through']",3.0,1.0,1.0,"['fall', 'inside']",1.0,685.0,1114.0,laptop,Dell,2018.0,phone,Xiaomi,2024.0,100801,Tashkent, Lake Johnland district
484,Unknown,0,Male,85.0,+0183962474,Snowside,hnorton@gmail.com,2011-11-05 00:00:00,Unknown,94.0,active,0.0,None,258.0,1990-02-11 00:00:00,"72389 Schmidt Place Apt. 885, South Patrickshire",,,,,,,,,,,,,,,72389,South Patrickshire,Unknown
485,Scott Alexander,18,Female,0.0,+6753898181,South Anthonytown,chenderson@johnson.com,2003-07-03 00:00:00,Data Science,0.0,active,0.0,good,256.0,2008-08-19 00:00:00,"495 Ochoa Extensions, East Alexander","['skill', 'effect']",1.0,1.0,3.0,"['main', 'serve']",1.0,432.0,1046.0,laptop,Dell,2015.0,phone,Samsung,2020.0,Unknown,East Alexander,Unknown
486,Unknown,0,Female,0.0,Unknown,Shortbury,Unknown,2000-08-12 00:00:00,Unknown,0.0,pending,3.07,average,260.0,1990-11-26 00:00:00,"127 Wong Locks, South Sarah",,,,,,,,,,,,,,,Unknown,South Sarah,Unknown
487,Linda French,18,Unknown,0.0,+6559775808,New Robert,Unknown,1992-01-27 00:00:00,Data Science,0.0,pending,0.0,None,154.0,2015-03-06 00:00:00,"Apartment 9, Cochranland district, Tashkent, UZ, 100971",,,,,,,,,,,,,,,100971,Tashkent, Cochranland district
488,Darin Butler,22,Female,54.0,Unknown,Hunterview,Unknown,1999-12-30 00:00:00,Unknown,0.0,inactive,0.0,average,253.0,2018-08-07 09:23:00,"BROKEN,ADDRESS,DATA,,,","['send', 'space']",4.0,5.0,2.0,"['concern', 'unit']",5.0,1457.0,1225.0,laptop,Dell,2020.0,phone,Samsung,2023.0,Unknown,Unknown,Unknown
489,Unknown,19,Male,0.0,Unknown,South Zachary,yolandarodriguez@hall-baird.com,2010-04-24 01:56:00,Data Science,0.0,active,0.0,excellent,23000.0,1976-12-13 00:00:00,"Port Jayton 7-kv, dom 3, Tashkent",,,,,,,,,,,,,,,Unknown,Tashkent,Unknown
490,Unknown,21,Female,59.0,+5924951232,Batesside,kevin16@gmail.com,,Unknown,0.0,inactive,0.0,  excellent  ,198.0,1983-08-29 00:00:00,"80592 Wiley Views Suite 243, East Thomasville","['each', 'team']",2.0,4.0,1.0,"['data', 'question']",4.0,1122.0,940.0,laptop,HP,2024.0,phone,Apple,2023.0,80592,East Thomasville,Unknown
491,Richard Sandoval ,20,Male,0.0,+0015152682891,West Matthew,frankmcguire@galloway.com,1979-02-13 00:00:00,Unknown,92.0,inactive,4.46,good,70.0,1989-11-16 00:00:00,"North James 7-kv, dom 5, Tashkent","['article', 'drug']",1.0,5.0,5.0,"['firm', 'reflect']",2.0,250.0,889.0,laptop,HP,2019.0,phone,Xiaomi,2019.0,Unknown,Tashkent,Unknown
492,Unknown,18,Unknown,0.0,+0015170755970,Rivasstad,Unknown,2000-07-13 00:00:00,Data Science,84.0,active,0.0,None,96.0,1976-05-09 04:44:25,"Apartment 30, North Kimberlymouth district, Tashkent, UZ, 100183",,,,,,,,,,,,,,,100183,Tashkent, North Kimberlymouth district
493,Raymond Schultz ,19,Male,95.0,+0015618042963,North Jordanton,Unknown,2003-01-04 00:00:00,Data Science,0.0,pending,1.1,excellent,163.0,2001-05-06 00:00:00,"38022 Theresa Highway Suite 457, East Markbury",,,,,,,,,,,,,,,38022,East Markbury,Unknown
494,Unknown,20,Male,0.0,+9353142098,West Josephburgh,Unknown,1999-02-28 00:00:00,Unknown,0.0,active,0.0,good,180.0,1995-10-30 02:37:49,UZ 100134 Tashkent Fitzgeraldside,,,,,,,,,,,,,,,100134,Unknown,Unknown
495,Unknown,20,Unknown,93.0,+15996340361,New Carolyn,Unknown,2012-11-11 00:00:00,Data Science,0.0,active,0.0,average,268.0,1982-11-22 18:35:00,UZ 100401 Tashkent Port Christopher,,,,,,,,,,,,,,,100401,Unknown,Unknown
496,Ruth Pierce,20,Unknown,72.0,+7880462945,West Joelstad,Unknown,1977-07-29 00:00:00,Unknown,0.0,pending,0.0,good,221.0,2003-02-07 00:00:00,"655 Hughes Rapid Suite 623, New Kevin","['consumer', 'operation']",4.0,2.0,3.0,"['about', 'this']",2.0,1109.0,913.0,laptop,Dell,2023.0,phone,Samsung,2021.0,Unknown,New Kevin,Unknown
497,Unknown,0,Male,74.0,+3644863509,Destinybury,Unknown,,Python,92.0,pending,0.0,excellent,188.0,1979-11-28 00:00:00,"Apartment 2, Bakerhaven district, Tashkent, UZ, 100284","['hotel', 'serve']",3.0,5.0,5.0,"['realize', 'company']",3.0,818.0,495.0,laptop,Lenovo,2016.0,phone,Xiaomi,2019.0,100284,Tashkent, Bakerhaven district
498,Unknown,21,Male,0.0,Unknown,Angelafurt,ahouston@gmail.com,2021-06-27 00:00:00,Unknown,0.0,inactive,0.0,excellent,151.0,1972-05-26 00:00:00,"27108 Mark Ranch, Jenniferchester","['close', 'class']",5.0,5.0,5.0,"['nice', 'line']",3.0,530.0,583.0,laptop,Lenovo,2015.0,phone,Xiaomi,2021.0,27108,Jenniferchester,Unknown
499,Unknown,0,Male,77.0,+0010896735998,Carolshire,taylorwilliam@knapp.com,,Data Science,0.0,inactive,1.17,average,85.0,,"89583 Crawford Crescent, Port William","['during', 'similar']",2.0,1.0,4.0,"['according', 'race']",5.0,463.0,998.0,laptop,HP,2019.0,phone,Samsung,2023.0,89583,Port William,Unknown
500,Jason Johnson ,19,Female,61.0,+19751428955,Mariachester,Unknown,1979-03-22 07:15:00,Unknown,0.0,active,0.0,excellent,162.0,1971-02-03 14:15:08,"47640 Lambert Camp Apt. 309, Port Keithport",,,,,,,,,,,,,,,47640,Port Keithport,Unknown
501,Dominique Steele ,22,Male,77.0,Unknown,Natalieland,Unknown,1971-08-04 00:00:00,Unknown,0.0,inactive,0.0,good,66.0,1988-09-09 00:00:00,"847 Thompson Fall Suite 006, Pooleburgh","['and', 'have']",4.0,1.0,1.0,"['hope', 'cut']",2.0,983.0,1182.0,laptop,HP,2024.0,phone,Samsung,2024.0,Unknown,Pooleburgh,Unknown
502,Erica Fisher ,21,Unknown,91.0,+16293217183,North Jeffreytown,Unknown,2012-01-07 04:36:30,Unknown,64.0,inactive,0.0,average,277.0,2009-12-12 06:45:00,UZ 100612 Tashkent New Catherinemouth,,,,,,,,,,,,,,,100612,Unknown,Unknown
503,Bonnie Fitzpatrick,20,Female,76.0,Unknown,Lake Allison,goldengregory@garcia.net,2003-02-25 00:00:00,Data Science,0.0,active,0.0,None,165.0,,"Apartment 8, Lake Gregory district, Tashkent, UZ, 100234","['nation', 'great']",3.0,2.0,4.0,"['collection', 'difference']",0.0,531.0,391.0,laptop,Lenovo,2019.0,phone,Apple,2018.0,100234,Tashkent, Lake Gregory district
504,Tara Wood ,21,Female,92.0,+11943872135,Sethtown,troywalters@thornton-obrien.info,2006-02-20 00:00:00,Unknown,0.0,active,0.0,None,9300.0,1975-04-12 11:14:27,"Carrieside 11-kv, dom 25, Tashkent",,,,,,,,,,,,,,,Unknown,Tashkent,Unknown
505,Cody Smith,20,Male,0.0,+0017009757215,East Michealstad,reginald97@bell.com,2009-04-27 00:00:00,Data Science,0.0,inactive,0.0,good,190.0,1990-09-28 00:00:00,"West Lindaburgh 28-kv, dom 1, Tashkent","['really', 'coach']",3.0,2.0,1.0,"['opportunity', 'maintain']",1.0,870.0,934.0,laptop,HP,2017.0,phone,Xiaomi,2022.0,Unknown,Tashkent,Unknown
506,Philip Johnson ,18,Unknown,53.0,+19989977232,West Morganton,Unknown,1990-01-30 03:14:00,Unknown,90.0,active,0.0,good,221.0,1986-09-02 00:00:00,UZ 100704 Tashkent South Breannaview,,,,,,,,,,,,,,,100704,Unknown,Unknown
507,Jeremy Gonzales,22,Male,0.0,Unknown,Savagefort,Unknown,,Unknown,0.0,inactive,1.55,None,172.0,1978-05-11 00:00:00,"Port Jose 5-kv, dom 24, Tashkent",,,,,,,,,,,,,,,Unknown,Tashkent,Unknown
508,Patrick Morris ,20,Unknown,0.0,+6125131237,Port Erinfort,arianawashington@yahoo.com,2011-11-04 00:00:00,Unknown,0.0,inactive,0.0,  excellent  ,171.0,1998-04-19 03:54:23,"Apartment 46, Rickyport district, Tashkent, UZ, 100191","['pull', 'young']",2.0,2.0,1.0,"['it', 'listen']",5.0,1343.0,1340.0,laptop,HP,2020.0,phone,Apple,2020.0,100191,Tashkent, Rickyport district
509,Unknown,0,Male,0.0,+1321072376,Lake Paul,ywatkins@hotmail.com,1996-02-01 02:27:00,Unknown,0.0,active,0.0,average,204.0,1993-10-27 00:00:00,UZ 100167 Tashkent New Aaron,"['reflect', 'anything']",1.0,2.0,1.0,"['writer', 'huge']",3.0,363.0,751.0,laptop,Dell,2015.0,phone,Samsung,2023.0,100167,Unknown,Unknown
510,Jodi Collins,18,Female,95.0,+2699521256,Gabrielhaven,kylerivera@hotmail.com,1981-09-17 20:59:04,Data Science,98.0,inactive,0.0,None,78.0,,"Reyesfurt 8-kv, dom 19, Tashkent",,,,,,,,,,,,,,,Unknown,Tashkent,Unknown
511,Unknown,19,Female,0.0,+5990342124,Smithshire,rachel94@yahoo.com,1995-05-17 00:00:00,Unknown,85.0,inactive,0.0,excellent,105.0,1990-01-07 00:00:00,"Davisville 14-kv, dom 40, Tashkent",,,,,,,,,,,,,,,Unknown,Tashkent,Unknown
512,Richard Black,20,Male,63.0,+7156322350,West Donaldfort,Unknown,1989-03-04 00:00:00,Unknown,0.0,active,3.59,  excellent  ,25400.0,1970-01-29 11:05:00,"4538 Frost Mill, North Lisa","['yourself', 'anyone']",2.0,3.0,4.0,"['east', 'opportunity']",2.0,392.0,1135.0,laptop,Dell,2017.0,phone,Samsung,2024.0,Unknown,North Lisa,Unknown
513,Donald Barker,20,Unknown,0.0,Unknown,West Shawnview,Unknown,2022-12-30 04:24:00,Unknown,94.0,inactive,0.0,average,267.0,2012-03-14 15:23:57,"54212 Kyle Club Apt. 536, Fletcherfurt",,,,,,,,,,,,,,,54212,Fletcherfurt,Unknown
514,Logan Molina ,21,Male,0.0,+0075452962,Micheleport,nathan37@howard-parsons.com,1986-05-25 00:00:00,Unknown,0.0,inactive,3.77,average,5700.0,2008-11-05 00:00:00,"Debraville 14-kv, dom 26, Tashkent","['body', 'occur']",2.0,3.0,5.0,"['wide', 'month']",3.0,475.0,947.0,laptop,HP,2024.0,phone,Apple,2018.0,Unknown,Tashkent,Unknown
515,Unknown,22,Female,0.0,Unknown,Steeleshire,rangelmichelle@gmail.com,1970-10-06 00:00:00,Unknown,86.0,inactive,1.33,good,18300.0,1970-03-15 00:00:00,"8384 Michael Knoll Suite 400, Jamesview","['get', 'like']",5.0,3.0,1.0,"['international', 'some']",5.0,352.0,1182.0,laptop,HP,2019.0,phone,Xiaomi,2018.0,Unknown,Jamesview,Unknown
516,Sherry Rivera ,19,Male,93.0,+17524096717,North Tylerhaven,Unknown,2018-08-10 00:00:00,Data Science,65.0,pending,0.0,excellent,281.0,,"Apartment 20, West Briana district, Tashkent, UZ, 100038",,,,,,,,,,,,,,,100038,Tashkent, West Briana district
517,Unknown,20,Male,0.0,Unknown,Port Benjamin,Unknown,1975-10-04 00:00:00,Data Science,0.0,pending,0.0,excellent,103.0,1986-04-10 01:29:00,"Apartment 3, North David district, Tashkent, UZ, 100437","['current', 'truth']",3.0,4.0,2.0,"['know', 'how']",3.0,807.0,408.0,laptop,HP,2021.0,phone,Samsung,2019.0,100437,Tashkent, North David district
518,Unknown,18,Unknown,0.0,+6081511642,South Steven,brianna72@yahoo.com,1973-01-15 00:00:00,Unknown,71.0,active,0.0,excellent,53.0,2016-02-23 00:00:00,"Apartment 41, North Eric district, Tashkent, UZ, 100515","['rule', 'specific']",3.0,2.0,1.0,"['then', 'but']",0.0,1006.0,1059.0,laptop,HP,2020.0,phone,Xiaomi,2020.0,100515,Tashkent, North Eric district
519,Debra Hanson ,19,Male,0.0,Unknown,Sarahton,Unknown,2000-09-09 09:27:00,Data Science,0.0,active,0.0,average,136.0,1996-11-08 00:00:00,"Apartment 10, Michaelhaven district, Tashkent, UZ, 100000","['field', 'well']",4.0,5.0,4.0,"['go', 'age']",3.0,742.0,455.0,laptop,Dell,2017.0,phone,Xiaomi,2022.0,100000,Tashkent, Michaelhaven district
520,Unknown,19,Male,63.0,Unknown,Danielfurt,beckjoseph@yates-green.info,,Unknown,0.0,pending,0.0,average,174.0,1987-11-02 00:00:00,"0127 Salazar Hollow, Kimberlyfurt","['mouth', 'perhaps']",4.0,5.0,2.0,"['agent', 'history']",4.0,236.0,1113.0,laptop,Lenovo,2019.0,phone,Apple,2019.0,Unknown,Kimberlyfurt,Unknown
521,Maxwell Smith,18,Male,0.0,+7925460992,New Laura,Unknown,1977-05-23 00:00:00,Unknown,62.0,active,0.0,excellent,245.0,1975-06-18 21:28:17,"Taylorstad 17-kv, dom 5, Tashkent","['consumer', 'there']",5.0,1.0,5.0,"['black', 'step']",3.0,438.0,1056.0,laptop,HP,2019.0,phone,Samsung,2021.0,Unknown,Tashkent,Unknown
522,Unknown,20,Male,67.0,+1919712973,Leachberg,Unknown,1983-06-11 00:00:00,Unknown,0.0,active,0.0,  excellent  ,83.0,,"BROKEN,ADDRESS,DATA,,,","['back', 'tell']",4.0,3.0,4.0,"['if', 'boy']",4.0,339.0,655.0,laptop,Lenovo,2020.0,phone,Apple,2022.0,Unknown,Unknown,Unknown
523,Matthew Madden,20,Unknown,81.0,+1994914573,Port Samanthaport,Unknown,1996-02-09 00:00:00,Unknown,0.0,active,0.0,good,70.0,,"Ashleyfurt 26-kv, dom 22, Tashkent","['could', 'if']",1.0,5.0,5.0,"['crime', 'common']",0.0,423.0,622.0,laptop,Dell,2024.0,phone,Samsung,2020.0,Unknown,Tashkent,Unknown
524,David Sanchez,18,Female,72.0,+6640427375,Elizabethside,Unknown,2015-10-29 00:00:00,Data Science,0.0,inactive,0.0,  excellent  ,292.0,,"98293 April Keys, New Timothyfurt",,,,,,,,,,,,,,,98293,New Timothyfurt,Unknown
525,Kayla Walker ,18,Unknown,50.0,Unknown,South Maria,ethanwilliams@hotmail.com,1994-06-04 00:00:00,Unknown,0.0,inactive,0.0,  excellent  ,188.0,2020-09-28 00:00:00,"8564 Sara Plaza, Lake Davidbury","['wear', 'challenge']",4.0,5.0,1.0,"['black', 'approach']",2.0,277.0,707.0,laptop,HP,2016.0,phone,Xiaomi,2022.0,Unknown,Lake Davidbury,Unknown
526,Angela Stark,20,Unknown,0.0,+13059857137,North Johnville,Unknown,2010-04-02 02:49:27,Unknown,0.0,inactive,0.0,good,206.0,2008-03-22 00:00:00,"BROKEN,ADDRESS,DATA,,,",,,,,,,,,,,,,,,Unknown,Unknown,Unknown
527,Anthony Grant,18,Female,0.0,+0016181901805,North Ashley,Unknown,2001-07-25 18:51:00,Unknown,0.0,inactive,0.0,average,115.0,2017-01-27 04:18:00,"Apartment 16, Allisonville district, Tashkent, UZ, 100171",,,,,,,,,,,,,,,100171,Tashkent, Allisonville district
528,Austin Christian ,21,Unknown,0.0,+8312158415,Morenoshire,Unknown,,Unknown,0.0,pending,0.0,average,232.0,2018-10-09 00:00:00,"BROKEN,ADDRESS,DATA,,,",,,,,,,,,,,,,,,Unknown,Unknown,Unknown
529,Jonathan Hendricks ,18,Female,0.0,+8393831519,New Ashley,jeremiahwiggins@simmons.biz,,Unknown,0.0,active,0.0,None,13800.0,,"85228 Yoder Fields Suite 360, Davidside",,,,,,,,,,,,,,,85228,Davidside,Unknown
530,Leslie Cox,22,Female,0.0,Unknown,Rickyside,Unknown,2022-08-27 00:00:00,Python,62.0,active,2.04,None,277.0,1994-10-04 00:00:00,"East Ryan 7-kv, dom 2, Tashkent","['animal', 'by']",4.0,1.0,2.0,"['full', 'know']",4.0,979.0,572.0,laptop,HP,2017.0,phone,Samsung,2021.0,Unknown,Tashkent,Unknown
531,William Powell,21,Female,77.0,+2974598801,West Christopherhaven,Unknown,2016-03-19 00:00:00,Unknown,95.0,inactive,0.0,  excellent  ,276.0,1999-06-30 00:00:00,"911 Shields Via, Debbiehaven",,,,,,,,,,,,,,,Unknown,Debbiehaven,Unknown
532,Unknown,18,Female,92.0,Unknown,Robertside,xpeters@osborn.com,1976-02-23 00:00:00,Data Science,71.0,pending,0.0,average,14100.0,,"BROKEN,ADDRESS,DATA,,,","['bring', 'relate']",5.0,2.0,1.0,"['light', 'good']",1.0,752.0,1262.0,laptop,HP,2016.0,phone,Samsung,2020.0,Unknown,Unknown,Unknown
533,Unknown,20,Female,81.0,+2827436299,Josephberg,Unknown,2003-07-06 00:00:00,Unknown,0.0,inactive,0.0,  excellent  ,181.0,2010-02-13 00:00:00,"9400 Richard Way, Dennisport",,,,,,,,,,,,,,,Unknown,Dennisport,Unknown
534,David Young ,19,Male,70.0,+0018636614738,Julianshire,Unknown,,Data Science,64.0,pending,0.0,None,169.0,1985-07-06 00:00:00,"BROKEN,ADDRESS,DATA,,,",,,,,,,,,,,,,,,Unknown,Unknown,Unknown
535,Brianna Howell,0,Female,73.0,Unknown,Ortegaview,Unknown,1975-03-26 00:00:00,Data Science,0.0,inactive,2.97,average,14400.0,1987-10-25 09:29:00,"4072 Martinez Inlet, West Douglasville",,,,,,,,,,,,,,,Unknown,West Douglasville,Unknown
536,Maria Harvey,0,Female,0.0,Unknown,Port Emilyburgh,Unknown,2023-02-28 09:06:00,Data Science,94.0,active,0.0,None,60.0,1998-06-29 02:48:00,UZ 100658 Tashkent South Elizabethfurt,"['decade', 'police']",5.0,2.0,4.0,"['also', 'true']",1.0,1300.0,1360.0,laptop,Lenovo,2023.0,phone,Samsung,2019.0,100658,Unknown,Unknown
537,Bobby Lee ,0,Female,0.0,Unknown,Lake Frank,Unknown,1986-07-27 00:00:00,Unknown,0.0,inactive,0.0,average,90.0,,UZ 100636 Tashkent Port Bryan,,,,,,,,,,,,,,,100636,Unknown,Unknown
538,Unknown,20,Unknown,93.0,+12103149222,South Christopherborough,Unknown,1988-01-08 13:27:06,Data Science,69.0,inactive,0.0,average,221.0,2002-01-16 00:00:00,"53120 Logan Overpass Apt. 207, East Ryan","['hundred', 'between']",5.0,1.0,4.0,"['paper', 'go']",5.0,1410.0,930.0,laptop,Lenovo,2022.0,phone,Apple,2020.0,53120,East Ryan,Unknown
539,Kimberly Greer,19,Male,0.0,Unknown,Lewischester,Unknown,2007-07-05 00:00:00,Unknown,0.0,inactive,0.0,average,142.0,1987-08-30 00:00:00,"Apartment 47, Thompsonbury district, Tashkent, UZ, 100192",,,,,,,,,,,,,,,100192,Tashkent, Thompsonbury district
540,Christopher Glenn,19,Male,88.0,Unknown,West Sandra,Unknown,1985-11-20 00:00:00,Unknown,0.0,active,0.0,good,11900.0,1973-01-22 00:00:00,"49187 Samantha Forges, East Cindy","['Congress', 'member']",5.0,2.0,1.0,"['himself', 'send']",1.0,292.0,960.0,laptop,HP,2024.0,phone,Samsung,2023.0,49187,East Cindy,Unknown
541,Unknown,18,Unknown,50.0,+6706286626,Joshuaton,Unknown,,Unknown,0.0,pending,2.99,good,92.0,2011-11-08 00:00:00,"88512 Harris Path Suite 804, Lake Sarahport",,,,,,,,,,,,,,,88512,Lake Sarahport,Unknown
542,Christopher Bradford,0,Unknown,0.0,+0018332750028,Banksview,Unknown,2005-11-15 00:00:00,Unknown,0.0,active,0.0,  excellent  ,272.0,,UZ 100996 Tashkent New Jessicastad,,,,,,,,,,,,,,,100996,Unknown,Unknown
543,Connor Gonzales ,18,Male,0.0,+2827027361,West Hunter,Unknown,1997-04-28 15:42:00,Unknown,70.0,pending,0.0,good,81.0,1977-07-14 00:00:00,"903 Sanchez Fall, West Yvonneside","['them', 'suffer']",2.0,3.0,4.0,"['tree', 'service']",1.0,1159.0,1416.0,laptop,HP,2020.0,phone,Xiaomi,2024.0,Unknown,West Yvonneside,Unknown
544,Samantha Howard ,0,Unknown,0.0,+9921895672,Williamview,Unknown,1979-09-22 06:28:00,Data Science,61.0,active,0.0,  excellent  ,52.0,1980-08-17 10:24:00,UZ 100303 Tashkent Elizabethstad,,,,,,,,,,,,,,,100303,Unknown,Unknown
545,John Lynn ,22,Unknown,0.0,+1191919979,Port Susanfort,Unknown,2014-01-19 00:39:00,Unknown,80.0,pending,0.0,  excellent  ,163.0,,UZ 100562 Tashkent Hernandezchester,"['whose', 'go']",1.0,3.0,2.0,"['future', 'green']",2.0,447.0,427.0,laptop,Dell,2015.0,phone,Apple,2022.0,100562,Unknown,Unknown
546,Amber Small,20,Unknown,87.0,Unknown,Georgeborough,Unknown,1970-02-05 00:00:00,Unknown,0.0,inactive,0.0,good,56.0,2018-10-28 00:00:00,"BROKEN,ADDRESS,DATA,,,",,,,,,,,,,,,,,,Unknown,Unknown,Unknown
547,Jesse Stafford ,0,Male,57.0,Unknown,Kleinchester,Unknown,1998-04-17 07:10:00,Unknown,0.0,pending,0.0,excellent,246.0,1999-06-18 14:24:24,"Apartment 17, Port Danielville district, Tashkent, UZ, 100121","['any', 'those']",3.0,5.0,4.0,"['challenge', 'less']",2.0,541.0,1233.0,laptop,Dell,2024.0,phone,Samsung,2023.0,100121,Tashkent, Port Danielville district
548,Donna Lewis MD ,19,Male,66.0,Unknown,Jensenton,Unknown,1999-12-11 00:00:00,Python,0.0,active,0.0,  excellent  ,124.0,1997-01-15 00:00:00,"05309 Mullins Centers Suite 435, Dorothytown","['mother', 'before']",1.0,5.0,2.0,"['and', 'various']",4.0,1030.0,785.0,laptop,HP,2022.0,phone,Xiaomi,2021.0,05309,Dorothytown,Unknown
549,Shannon Kelly ,19,Unknown,0.0,+5502292180,South Brittanyfurt,alison82@hotmail.com,,Data Science,0.0,active,0.0,  excellent  ,94.0,1999-09-05 00:00:00,"Dillonton 30-kv, dom 35, Tashkent",,,,,,,,,,,,,,,Unknown,Tashkent,Unknown
550,Ashley Reyes ,21,Unknown,58.0,Unknown,West Hayleystad,Unknown,2020-05-26 00:00:00,Unknown,69.0,active,0.0,average,140.0,1982-03-20 06:07:00,"BROKEN,ADDRESS,DATA,,,","['first', 'cost']",5.0,5.0,5.0,"['politics', 'thought']",0.0,1237.0,1340.0,laptop,Lenovo,2016.0,phone,Apple,2019.0,Unknown,Unknown,Unknown
551,Christopher Mclaughlin,0,Female,0.0,+9149288819,South Jennifer,moralesmargaret@hotmail.com,2004-01-07 00:00:00,Unknown,0.0,pending,0.0,excellent,121.0,1970-03-04 00:00:00,"New Shawnmouth 19-kv, dom 14, Tashkent","['listen', 'trial']",2.0,4.0,3.0,"['world', 'all']",0.0,1440.0,1192.0,laptop,HP,2019.0,phone,Samsung,2020.0,Unknown,Tashkent,Unknown
552,Judith Cortez ,0,Female,84.0,+0018775646510,Port Stephanie,Unknown,1987-01-21 00:00:00,Unknown,0.0,active,0.0,  excellent  ,213.0,,UZ 100501 Tashkent North Elizabeth,"['total', 'have']",2.0,3.0,2.0,"['lawyer', 'several']",0.0,859.0,997.0,laptop,Dell,2019.0,phone,Samsung,2022.0,100501,Unknown,Unknown
553,Unknown,20,Female,0.0,Unknown,West Emma,douglasbecker@yahoo.com,1979-07-16 09:07:25,Unknown,0.0,pending,0.0,good,55.0,1994-08-22 00:00:00,"Vincentfurt 18-kv, dom 27, Tashkent","['thought', 'key']",5.0,4.0,3.0,"['fill', 'believe']",2.0,864.0,1073.0,laptop,Lenovo,2022.0,phone,Samsung,2020.0,Unknown,Tashkent,Unknown
554,Michael James ,0,Female,66.0,+0335514589,Andreborough,victoria57@hotmail.com,1996-11-23 00:00:00,Python,0.0,inactive,0.0,  excellent  ,53.0,1987-06-01 00:00:00,"BROKEN,ADDRESS,DATA,,,",,,,,,,,,,,,,,,Unknown,Unknown,Unknown
555,Cynthia Merritt ,19,Unknown,50.0,+0016762376666,Lake Sydney,Unknown,,Unknown,0.0,pending,0.0,  excellent  ,120.0,2006-06-25 19:23:33,"BROKEN,ADDRESS,DATA,,,","['here', 'out']",3.0,1.0,5.0,"['move', 'thousand']",0.0,1116.0,1230.0,laptop,Dell,2022.0,phone,Samsung,2019.0,Unknown,Unknown,Unknown
556,Unknown,18,Female,0.0,Unknown,Lake Cindy,Unknown,,Data Science,0.0,inactive,0.0,  excellent  ,300.0,,"BROKEN,ADDRESS,DATA,,,","['than', 'character']",1.0,2.0,5.0,"['fire', 'street']",5.0,972.0,1026.0,laptop,Lenovo,2022.0,phone,Xiaomi,2019.0,Unknown,Unknown,Unknown
557,Lori Thompson,0,Female,0.0,+3374572290,New Jonathon,Unknown,2023-05-11 15:54:46,Unknown,0.0,inactive,0.0,excellent,248.0,1987-04-29 00:00:00,"549 Cain Extensions, Jamesmouth",,,,,,,,,,,,,,,Unknown,Jamesmouth,Unknown
558,David Smith ,21,Unknown,0.0,Unknown,West Morganberg,Unknown,,Unknown,0.0,active,0.0,None,92.0,1979-03-06 09:50:32,"BROKEN,ADDRESS,DATA,,,","['number', 'similar']",4.0,2.0,3.0,"['thought', 'require']",1.0,1472.0,774.0,laptop,Lenovo,2021.0,phone,Xiaomi,2019.0,Unknown,Unknown,Unknown
559,Erin Thomas ,20,Female,87.0,Unknown,Farmerborough,Unknown,2021-11-15 00:00:00,Unknown,0.0,pending,0.0,  excellent  ,280.0,2016-09-16 11:22:00,"BROKEN,ADDRESS,DATA,,,",,,,,,,,,,,,,,,Unknown,Unknown,Unknown
560,Stephanie Foley,0,Female,52.0,+0019538387256,Allisonside,Unknown,1971-12-07 00:03:57,Unknown,0.0,inactive,0.0,good,295.0,2022-05-15 06:38:00,"Apartment 41, Port Joshuaport district, Tashkent, UZ, 100930",,,,,,,,,,,,,,,100930,Tashkent, Port Joshuaport district
561,Shannon Henderson ,20,Male,0.0,Unknown,Danielside,Unknown,1998-03-11 00:00:00,Unknown,98.0,inactive,0.0,  excellent  ,23200.0,1976-03-25 19:41:00,UZ 100576 Tashkent Port Kimberlyport,"['newspaper', 'soon']",1.0,2.0,1.0,"['law', 'themselves']",4.0,742.0,1045.0,laptop,Dell,2021.0,phone,Apple,2024.0,100576,Unknown,Unknown
562,Unknown,18,Male,0.0,+5910583931,South Alexanderport,angela86@jones.info,2001-11-09 00:00:00,Unknown,0.0,active,0.0,  excellent  ,156.0,1990-03-20 17:14:55,"Apartment 24, North Maryview district, Tashkent, UZ, 100415",,,,,,,,,,,,,,,100415,Tashkent, North Maryview district
563,Unknown,0,Female,58.0,+2841821269,Sarahhaven,rclark@williams-duran.com,2006-10-14 00:00:00,Unknown,63.0,inactive,0.0,excellent,6700.0,1999-01-29 00:00:00,"3151 Laura Ridge Suite 752, Port Eric","['hear', 'party']",4.0,2.0,4.0,"['majority', 'song']",5.0,210.0,448.0,laptop,HP,2024.0,phone,Apple,2022.0,Unknown,Port Eric,Unknown
564,Bryan Boyd,19,Unknown,72.0,+7873727406,New Johnton,sharon79@davis.org,1994-09-20 03:30:00,Data Science,0.0,pending,0.0,good,187.0,1972-07-15 00:00:00,UZ 100126 Tashkent Turnerhaven,"['ball', 'some']",1.0,4.0,1.0,"['ok', 'various']",5.0,688.0,428.0,laptop,Dell,2019.0,phone,Xiaomi,2018.0,100126,Unknown,Unknown
565,John Osborn ,21,Female,96.0,+7714304946,Port Tamara,Unknown,1992-06-13 10:18:00,Unknown,0.0,pending,0.0,None,115.0,1983-07-23 10:43:00,"Barnettbury 23-kv, dom 27, Tashkent",,,,,,,,,,,,,,,Unknown,Tashkent,Unknown
566,Anna Clark ,20,Male,0.0,+8186143345,Sanchezton,Unknown,1981-01-13 00:00:00,Unknown,0.0,inactive,0.0,None,5200.0,1979-01-02 07:04:00,"8770 Danielle Trail Suite 654, South Taylor",,,,,,,,,,,,,,,Unknown,South Taylor,Unknown
567,Ashley Jacobs,20,Female,70.0,+3155874008,Manntown,Unknown,1970-09-14 00:00:00,Data Science,78.0,active,3.45,average,244.0,2013-12-09 00:00:00,"Apartment 42, New Catherineport district, Tashkent, UZ, 100081","['admit', 'new']",2.0,1.0,4.0,"['high', 'me']",5.0,674.0,897.0,laptop,HP,2015.0,phone,Xiaomi,2023.0,100081,Tashkent, New Catherineport district
568,Unknown,19,Male,92.0,+6614514948,Bethside,Unknown,1996-09-01 07:48:34,Unknown,0.0,active,0.0,good,196.0,2023-06-02 00:00:00,UZ 100443 Tashkent South Matthew,"['most', 'a']",4.0,4.0,5.0,"['yard', 'walk']",2.0,1488.0,640.0,laptop,Lenovo,2016.0,phone,Samsung,2022.0,100443,Unknown,Unknown
569,Unknown,22,Unknown,77.0,+7593189602,Johnborough,Unknown,2003-04-21 00:00:00,Unknown,0.0,inactive,0.0,  excellent  ,300.0,2020-09-30 00:00:00,UZ 100187 Tashkent Garciaberg,"['coach', 'air']",1.0,1.0,3.0,"['wait', 'guy']",5.0,513.0,772.0,laptop,Dell,2018.0,phone,Xiaomi,2024.0,100187,Unknown,Unknown
570,Haley Johnson,0,Male,74.0,+9375800127,Goodwintown,Unknown,,Data Science,0.0,active,0.0,excellent,282.0,2012-08-23 05:42:00,UZ 100802 Tashkent East Andrewstad,"['simple', 'play']",2.0,3.0,1.0,"['benefit', 'structure']",1.0,985.0,314.0,laptop,Dell,2018.0,phone,Apple,2018.0,100802,Unknown,Unknown
571,Amanda Gonzalez,21,Unknown,0.0,Unknown,West Jefferyside,xle@moore-maxwell.info,2019-12-26 10:26:00,Data Science,0.0,pending,3.66,  excellent  ,192.0,2001-01-30 00:00:00,"Apartment 35, South Jeanettefurt district, Tashkent, UZ, 100371",,,,,,,,,,,,,,,100371,Tashkent, South Jeanettefurt district
572,Ryan Simmons,22,Male,93.0,+4567135387,Jocelynton,Unknown,2011-01-13 19:27:46,Unknown,0.0,inactive,0.0,good,103.0,1992-09-26 21:37:30,"Apartment 7, South Scott district, Tashkent, UZ, 100855","['true', 'everything']",4.0,5.0,3.0,"['spring', 'knowledge']",4.0,1055.0,877.0,laptop,Dell,2020.0,phone,Apple,2021.0,100855,Tashkent, South Scott district
573,David Adams ,0,Female,79.0,+8254120539,South Juan,garciajennifer@luna-kent.info,1996-11-27 00:00:00,Unknown,0.0,active,0.0,  excellent  ,177.0,2014-07-10 19:50:13,UZ 100593 Tashkent Loganmouth,,,,,,,,,,,,,,,100593,Unknown,Unknown
574,Unknown,21,Unknown,0.0,+0016448675819,South Nicole,Unknown,1985-06-21 11:08:00,Data Science,0.0,active,0.0,  excellent  ,171.0,2009-01-16 00:00:00,"11917 Michael Creek, Hessborough",,,,,,,,,,,,,,,11917,Hessborough,Unknown
575,Unknown,20,Male,87.0,+7616955562,North Emilyfurt,Unknown,2017-07-20 00:00:00,Unknown,0.0,inactive,0.0,None,16900.0,1987-05-10 00:00:00,UZ 100298 Tashkent Wattsberg,,,,,,,,,,,,,,,100298,Unknown,Unknown
576,Unknown,0,Female,0.0,+13712947206,Port Matthew,lwright@yahoo.com,2001-06-21 09:58:18,Unknown,0.0,pending,0.0,average,147.0,2024-10-27 23:24:25,"Apartment 42, Port Carlos district, Tashkent, UZ, 100983","['front', 'deal']",2.0,4.0,3.0,"['affect', 'sound']",1.0,1024.0,468.0,laptop,Lenovo,2023.0,phone,Xiaomi,2018.0,100983,Tashkent, Port Carlos district
577,Unknown,18,Female,91.0,+8979493503,Adrienneside,Unknown,2017-03-17 01:02:00,Unknown,0.0,pending,0.0,average,88.0,2011-08-20 00:00:00,"BROKEN,ADDRESS,DATA,,,","['recognize', 'mention']",4.0,4.0,4.0,"['glass', 'future']",3.0,1330.0,904.0,laptop,HP,2020.0,phone,Xiaomi,2020.0,Unknown,Unknown,Unknown
578,Michael Williams ,20,Unknown,80.0,+0015404609543,Coleview,Unknown,1986-08-13 00:00:00,Unknown,89.0,pending,0.0,good,182.0,1995-07-26 07:41:20,"BROKEN,ADDRESS,DATA,,,","['southern', 'teach']",2.0,2.0,1.0,"['office', 'notice']",5.0,1002.0,1037.0,laptop,HP,2022.0,phone,Apple,2020.0,Unknown,Unknown,Unknown
579,Unknown,22,Male,60.0,Unknown,South Kevinland,hollybarnes@ortiz-rodriguez.com,1980-02-11 00:00:00,Unknown,76.0,active,0.0,  excellent  ,167.0,,"66803 Barrett Lodge Suite 303, Amandaside",,,,,,,,,,,,,,,66803,Amandaside,Unknown
580,Christopher Sanchez ,21,Unknown,0.0,+2762374873,New Erik,kathryn31@price.biz,2011-09-08 00:00:00,Data Science,0.0,pending,0.0,good,169.0,1975-01-25 00:00:00,"51394 Benjamin Green, Durantown","['herself', 'debate']",3.0,2.0,4.0,"['party', 'put']",1.0,1463.0,1482.0,laptop,HP,2023.0,phone,Xiaomi,2024.0,51394,Durantown,Unknown
581,Kathleen Lambert,20,Male,99.0,+2140999687,Port Kelly,nrose@wright-brewer.biz,2016-07-24 11:45:00,Data Science,65.0,inactive,0.0,good,165.0,2011-01-05 18:22:00,UZ 100644 Tashkent Lake Robertland,,,,,,,,,,,,,,,100644,Unknown,Unknown
582,Traci Guerra ,18,Female,0.0,+0016723282849,Ashleyville,Unknown,1982-11-04 20:35:16,Data Science,0.0,pending,1.19,None,254.0,1999-12-06 00:00:00,"0398 Zoe Walk Suite 987, New Aaron","['something', 'sea']",2.0,4.0,5.0,"['which', 'prove']",3.0,1096.0,1000.0,laptop,HP,2018.0,phone,Apple,2019.0,Unknown,New Aaron,Unknown
583,Unknown,22,Male,0.0,+1595658998,Thompsonhaven,Unknown,,Unknown,0.0,active,0.0,good,283.0,2018-07-29 00:00:00,UZ 100081 Tashkent Crawfordport,,,,,,,,,,,,,,,100081,Unknown,Unknown
584,Sheila Bell,20,Female,0.0,+7625654761,Robertville,Unknown,1971-01-28 00:00:00,Data Science,0.0,active,0.0,None,127.0,2016-07-24 08:38:00,"683 Timothy Harbor, Mooreland","['we', 'husband']",1.0,3.0,2.0,"['instead', 'this']",3.0,875.0,1382.0,laptop,Lenovo,2022.0,phone,Xiaomi,2023.0,Unknown,Mooreland,Unknown
585,Unknown,19,Female,0.0,Unknown,East Joshua,Unknown,,Data Science,82.0,active,0.0,None,187.0,1984-06-09 14:32:00,"9561 Corey Coves Suite 845, Lucasview",,,,,,,,,,,,,,,Unknown,Lucasview,Unknown
586,Kevin Thomas,18,Female,0.0,+2229933148,Glasstown,Unknown,2013-06-13 00:00:00,Unknown,0.0,inactive,0.0,excellent,91.0,,"Rochachester 7-kv, dom 22, Tashkent",,,,,,,,,,,,,,,Unknown,Tashkent,Unknown
587,Dr. Brandon Berry,0,Female,0.0,+1532389492,New Carmenmouth,Unknown,1995-01-17 00:00:00,Unknown,0.0,pending,0.0,average,219.0,1991-06-13 11:17:00,"Apartment 2, Port Yvonnefort district, Tashkent, UZ, 100944",,,,,,,,,,,,,,,100944,Tashkent, Port Yvonnefort district
588,Crystal Olsen ,22,Unknown,99.0,Unknown,Joshuahaven,Unknown,2017-02-11 00:00:00,Unknown,79.0,active,2.9,None,71.0,,"North Christineberg 8-kv, dom 22, Tashkent","['popular', 'statement']",2.0,5.0,3.0,"['become', 'join']",1.0,903.0,822.0,laptop,Dell,2023.0,phone,Apple,2021.0,Unknown,Tashkent,Unknown
589,Joseph Wilson,22,Male,0.0,Unknown,Monroeview,michaeljones@moon-foster.com,1972-03-09 00:00:00,Unknown,0.0,active,0.0,  excellent  ,265.0,,"9406 Black Common, Boltonmouth","['song', 'range']",2.0,2.0,4.0,"['father', 'himself']",5.0,584.0,230.0,laptop,HP,2022.0,phone,Apple,2018.0,Unknown,Boltonmouth,Unknown
590,Unknown,0,Male,0.0,+16544350045,South Michaelhaven,Unknown,1973-03-17 09:24:01,Data Science,88.0,pending,0.0,excellent,194.0,1991-02-20 00:00:00,"6542 Kristin Bridge Apt. 211, West Jessicaland","['security', 'such']",5.0,3.0,4.0,"['instead', 'establish']",4.0,1215.0,1022.0,laptop,HP,2022.0,phone,Xiaomi,2023.0,Unknown,West Jessicaland,Unknown
591,Dean Moore,18,Female,63.0,+9607067569,Perryland,hsmith@nelson-bryant.com,1976-06-11 00:00:00,Unknown,0.0,pending,0.0,excellent,289.0,1986-10-31 00:00:00,"Apartment 18, South Garyport district, Tashkent, UZ, 100844","['positive', 'could']",1.0,3.0,4.0,"['full', 'job']",3.0,613.0,1177.0,laptop,HP,2022.0,phone,Apple,2022.0,100844,Tashkent, South Garyport district
592,Unknown,18,Unknown,0.0,+6523221481,Colestad,sonyajackson@gmail.com,2003-07-19 06:09:17,Unknown,0.0,active,0.0,average,204.0,2017-11-16 00:00:00,"Richardview 27-kv, dom 45, Tashkent","['owner', 'response']",4.0,3.0,3.0,"['food', 'environmental']",4.0,304.0,610.0,laptop,Dell,2018.0,phone,Samsung,2019.0,Unknown,Tashkent,Unknown
593,Edward Holmes ,18,Female,62.0,+0897719768,Matthewport,Unknown,1984-01-11 00:00:00,Unknown,0.0,pending,0.0,average,20900.0,2007-03-11 08:56:00,"BROKEN,ADDRESS,DATA,,,","['red', 'major']",2.0,1.0,5.0,"['bring', 'certainly']",3.0,217.0,1427.0,laptop,Lenovo,2020.0,phone,Samsung,2022.0,Unknown,Unknown,Unknown
594,Sheila Contreras,21,Female,97.0,Unknown,Ellisonstad,Unknown,1998-02-04 10:45:00,Unknown,0.0,active,0.0,excellent,91.0,1990-10-07 20:23:00,"41891 Jacob Parkway, Evansbury","['believe', 'article']",1.0,2.0,4.0,"['off', 'here']",5.0,1142.0,893.0,laptop,Lenovo,2024.0,phone,Xiaomi,2020.0,41891,Evansbury,Unknown
595,Vincent Pena ,22,Unknown,57.0,+9798873158,West Craigview,Unknown,2001-10-29 23:54:51,Unknown,0.0,pending,0.0,average,251.0,1991-03-24 00:00:00,"117 Lyons Knolls, New Tylerchester","['house', 'true']",3.0,5.0,3.0,"['throughout', 'recently']",5.0,1314.0,320.0,laptop,HP,2023.0,phone,Xiaomi,2019.0,Unknown,New Tylerchester,Unknown
596,Bobby House,0,Male,0.0,Unknown,Shannonburgh,Unknown,,Unknown,0.0,pending,4.0,average,235.0,2023-02-25 03:31:55,"Apartment 29, Hamiltonville district, Tashkent, UZ, 100697","['point', 'itself']",1.0,4.0,2.0,"['great', 'short']",5.0,957.0,517.0,laptop,Dell,2019.0,phone,Xiaomi,2024.0,100697,Tashkent, Hamiltonville district
597,Unknown,22,Unknown,0.0,+0019887469395,Port Frederick,Unknown,,Python,0.0,inactive,1.56,None,270.0,1974-01-06 00:00:00,UZ 100979 Tashkent Harttown,,,,,,,,,,,,,,,100979,Unknown,Unknown
598,Jonathan King,20,Unknown,0.0,+0178242718,North Andrea,Unknown,2017-12-13 00:00:00,Data Science,0.0,active,0.0,average,264.0,,"912 Anderson Island, Lake David","['society', 'hot']",1.0,4.0,2.0,"['election', 'job']",0.0,479.0,958.0,laptop,Lenovo,2017.0,phone,Samsung,2022.0,Unknown,Lake David,Unknown
599,Eric Medina,0,Unknown,0.0,+8441268355,New Zachary,Unknown,2016-10-02 00:00:00,Unknown,70.0,active,0.0,good,92.0,2017-08-17 00:00:00,UZ 100418 Tashkent West Jasonberg,"['real', 'save']",4.0,1.0,4.0,"['ten', 'skill']",5.0,334.0,483.0,laptop,HP,2018.0,phone,Xiaomi,2022.0,100418,Unknown,Unknown
600,Zachary Johnson ,18,Male,0.0,+5081801870,New Markshire,qrice@hotmail.com,,Unknown,0.0,active,0.0,average,147.0,,UZ 100915 Tashkent Jamesport,,,,,,,,,,,,,,,100915,Unknown,Unknown
601,Ashley Andrade ,21,Male,0.0,Unknown,Dunnville,Unknown,2015-10-20 00:00:00,Python,0.0,active,0.0,  excellent  ,202.0,,"South Kelsey 19-kv, dom 5, Tashkent","['military', 'blood']",1.0,2.0,3.0,"['coach', 'response']",3.0,711.0,1071.0,laptop,Lenovo,2020.0,phone,Samsung,2020.0,Unknown,Tashkent,Unknown
602,Martha Ruiz,19,Unknown,58.0,Unknown,West Gregory,kfrancis@gmail.com,1980-02-06 19:22:00,Unknown,0.0,pending,0.0,average,244.0,,UZ 100884 Tashkent Powellmouth,"['chair', 'lay']",5.0,3.0,1.0,"['respond', 'building']",1.0,349.0,844.0,laptop,Lenovo,2021.0,phone,Samsung,2019.0,100884,Unknown,Unknown
603,Pamela Carr ,18,Unknown,95.0,+1669766040,Christopherside,lwilliams@gmail.com,1979-12-03 00:00:00,Python,0.0,active,0.0,good,169.0,,"198 Gary Mills Apt. 152, East Joshuatown",,,,,,,,,,,,,,,Unknown,East Joshuatown,Unknown
604,Mrs. Angela Tyler,21,Female,63.0,+1672790511,Morrisontown,Unknown,1996-01-11 23:11:17,Unknown,0.0,active,0.0,None,25100.0,1977-07-29 08:19:13,"8126 Herrera Point Apt. 428, Tuckerside","['else', 'take']",1.0,2.0,3.0,"['interesting', 'pay']",3.0,593.0,353.0,laptop,Lenovo,2023.0,phone,Xiaomi,2022.0,Unknown,Tuckerside,Unknown
605,Grant Rowland,19,Male,54.0,+0016069564585,East Deniseburgh,Unknown,1984-04-19 19:46:23,Unknown,0.0,pending,2.81,None,107.0,1994-09-04 00:00:00,"Wrightfort 30-kv, dom 45, Tashkent","['wide', 'wonder']",5.0,5.0,2.0,"['nor', 'many']",1.0,1417.0,526.0,laptop,HP,2021.0,phone,Apple,2023.0,Unknown,Tashkent,Unknown
606,Unknown,19,Male,0.0,+0728685308,West Adrianchester,foxmary@martin-palmer.info,1986-09-08 02:58:00,Data Science,0.0,pending,0.0,  excellent  ,148.0,1990-04-22 00:00:00,"BROKEN,ADDRESS,DATA,,,","['difficult', 'want']",2.0,5.0,2.0,"['case', 'fire']",5.0,560.0,845.0,laptop,Dell,2021.0,phone,Apple,2024.0,Unknown,Unknown,Unknown
607,Jason Cherry ,18,Unknown,0.0,+0014770828683,New Angiefort,Unknown,2009-09-16 10:18:00,Unknown,65.0,inactive,0.0,good,94.0,2024-03-09 07:30:51,"Port Tinafurt 28-kv, dom 37, Tashkent","['able', 'trip']",4.0,1.0,4.0,"['although', 'less']",2.0,612.0,729.0,laptop,HP,2023.0,phone,Apple,2019.0,Unknown,Tashkent,Unknown
608,Unknown,21,Female,0.0,+0016571047711,Michaelhaven,Unknown,,Unknown,83.0,pending,0.0,None,194.0,2022-12-02 00:00:00,"10158 Tiffany Heights Apt. 563, Port Guyfurt","['whose', 'message']",3.0,4.0,5.0,"['skin', 'article']",2.0,1333.0,623.0,laptop,HP,2016.0,phone,Apple,2020.0,10158,Port Guyfurt,Unknown
609,Nicholas Thompson ,0,Female,0.0,+4173637350,South Michaelberg,Unknown,2010-04-09 00:00:00,Data Science,0.0,active,0.0,good,233.0,1986-09-08 11:26:06,"69161 Newman Summit Suite 430, West Michaelchester",,,,,,,,,,,,,,,69161,West Michaelchester,Unknown
610,Unknown,22,Female,0.0,Unknown,Port Michaeltown,Unknown,1989-07-28 00:00:00,Data Science,79.0,pending,4.33,good,79.0,1980-01-12 00:00:00,UZ 100562 Tashkent Evansmouth,,,,,,,,,,,,,,,100562,Unknown,Unknown
611,Nicole Peterson,21,Female,99.0,Unknown,Mooreborough,Unknown,1992-01-16 17:45:00,Data Science,0.0,inactive,0.0,None,258.0,,"505 Ariana Run, Carrolltown","['down', 'technology']",5.0,3.0,3.0,"['central', 'ahead']",5.0,305.0,1017.0,laptop,Lenovo,2020.0,phone,Xiaomi,2021.0,Unknown,Carrolltown,Unknown
612,Natalie Brown ,20,Male,0.0,+3981913827,West Hunter,Unknown,1971-08-13 08:06:28,Data Science,72.0,active,0.0,excellent,131.0,2016-04-05 00:00:00,"Port Gary 3-kv, dom 11, Tashkent",,,,,,,,,,,,,,,Unknown,Tashkent,Unknown
613,Robert Hubbard,18,Female,83.0,Unknown,Deannachester,Unknown,1970-03-05 16:15:00,Data Science,0.0,active,0.0,average,23600.0,,"Port Charlene 26-kv, dom 20, Tashkent","['environmental', 'create']",1.0,5.0,4.0,"['American', 'range']",5.0,743.0,1191.0,laptop,HP,2019.0,phone,Apple,2020.0,Unknown,Tashkent,Unknown
614,Unknown,22,Female,62.0,Unknown,South Christian,Unknown,,Data Science,0.0,inactive,0.0,  excellent  ,297.0,,"Billyland 10-kv, dom 4, Tashkent","['good', 'garden']",5.0,4.0,5.0,"['check', 'rise']",4.0,694.0,1296.0,laptop,Lenovo,2018.0,phone,Xiaomi,2018.0,Unknown,Tashkent,Unknown
615,Michelle Chambers,20,Unknown,50.0,Unknown,Port Kevinfort,Unknown,2014-08-26 22:13:00,Unknown,0.0,pending,0.0,good,62.0,1973-09-24 00:00:00,UZ 100049 Tashkent Cherylport,,,,,,,,,,,,,,,100049,Unknown,Unknown
616,Unknown,18,Female,0.0,+1289555777,Kimberlyborough,Unknown,,Data Science,0.0,active,0.0,good,125.0,2024-02-05 00:00:00,"08930 Benjamin Lane, North Jade","['above', 'summer']",3.0,2.0,3.0,"['bag', 'team']",1.0,1340.0,708.0,laptop,Dell,2018.0,phone,Samsung,2021.0,08930,North Jade,Unknown
617,Erica Ayala,20,Male,63.0,+3806296377,Barkerfurt,Unknown,2019-04-18 02:11:00,Unknown,0.0,pending,0.0,None,195.0,2008-08-01 14:33:00,"BROKEN,ADDRESS,DATA,,,","['investment', 'affect']",5.0,3.0,3.0,"['environment', 'marriage']",5.0,725.0,1271.0,laptop,HP,2024.0,phone,Xiaomi,2022.0,Unknown,Unknown,Unknown
618,Unknown,18,Unknown,0.0,+12807089777,West Robinport,Unknown,2017-05-17 00:00:00,Data Science,97.0,active,0.0,average,293.0,1991-04-28 00:00:00,UZ 100277 Tashkent Lake Eric,,,,,,,,,,,,,,,100277,Unknown,Unknown
619,Unknown,22,Unknown,86.0,Unknown,East Debrabury,Unknown,2018-11-28 00:00:00,Unknown,89.0,active,0.0,excellent,54.0,2023-04-16 13:30:00,"BROKEN,ADDRESS,DATA,,,","['almost', 'situation']",3.0,3.0,4.0,"['executive', 'just']",4.0,301.0,1272.0,laptop,Dell,2016.0,phone,Xiaomi,2023.0,Unknown,Unknown,Unknown
620,Leslie Owens,20,Female,0.0,Unknown,West Crystal,Unknown,1991-11-19 17:07:00,Data Science,74.0,pending,0.0,good,224.0,2003-11-19 00:00:00,UZ 100564 Tashkent Stephaniemouth,"['father', 'anything']",1.0,1.0,3.0,"['fight', 'become']",0.0,802.0,936.0,laptop,Dell,2021.0,phone,Xiaomi,2023.0,100564,Unknown,Unknown
621,Unknown,0,Male,0.0,+3456549722,Debraburgh,Unknown,1995-05-13 00:00:00,Unknown,0.0,inactive,0.0,excellent,26300.0,,"South Carlaville 30-kv, dom 42, Tashkent",,,,,,,,,,,,,,,Unknown,Tashkent,Unknown
622,Unknown,0,Female,0.0,+6119297938,Port Melinda,Unknown,1990-10-06 00:00:00,Data Science,0.0,active,0.0,excellent,130.0,1993-04-16 00:00:00,"064 Flowers Via Suite 056, New Michael",,,,,,,,,,,,,,,Unknown,New Michael,Unknown
623,Unknown,18,Female,0.0,+5983503851,North Adamton,Unknown,1982-09-10 00:00:00,Unknown,0.0,active,0.0,None,130.0,,"54503 Weber Islands, West Jennifer","['anyone', 'whom']",4.0,5.0,3.0,"['far', 'phone']",2.0,1121.0,1265.0,laptop,HP,2015.0,phone,Samsung,2018.0,54503,West Jennifer,Unknown
624,Unknown,20,Female,67.0,+7291317348,West Anthony,djefferson@martinez.biz,,Unknown,0.0,inactive,0.0,None,200.0,,"BROKEN,ADDRESS,DATA,,,",,,,,,,,,,,,,,,Unknown,Unknown,Unknown
625,Mark Stewart ,21,Unknown,66.0,Unknown,Rileyview,Unknown,2018-02-05 10:20:00,Unknown,0.0,inactive,0.0,  excellent  ,204.0,,"Apartment 50, Saraberg district, Tashkent, UZ, 100802","['under', 'participant']",3.0,1.0,1.0,"['share', 'hear']",1.0,262.0,1221.0,laptop,Lenovo,2022.0,phone,Samsung,2020.0,100802,Tashkent, Saraberg district
626,Linda Jacobson ,22,Unknown,0.0,+16992729087,North Matthew,Unknown,1977-03-11 00:00:00,Unknown,0.0,inactive,0.0,  excellent  ,226.0,2020-02-02 04:13:11,"Apartment 36, Campbellshire district, Tashkent, UZ, 100191","['eight', 'mission']",5.0,5.0,2.0,"['together', 'do']",3.0,1088.0,759.0,laptop,HP,2018.0,phone,Samsung,2023.0,100191,Tashkent, Campbellshire district
627,Anthony Hill,19,Male,0.0,Unknown,Richardsonton,Unknown,1979-01-27 05:19:50,Unknown,0.0,inactive,0.0,excellent,12600.0,1996-12-18 00:00:00,"BROKEN,ADDRESS,DATA,,,","['ground', 'rule']",4.0,1.0,1.0,"['meet', 'describe']",1.0,866.0,219.0,laptop,HP,2023.0,phone,Xiaomi,2020.0,Unknown,Unknown,Unknown
628,Ruben Howard,0,Unknown,0.0,+8245224891,Lake Bruce,Unknown,2005-08-30 00:00:00,Unknown,0.0,active,0.0,good,116.0,1976-12-25 00:00:00,"842 Robinson Neck Suite 458, Lewisville",,,,,,,,,,,,,,,Unknown,Lewisville,Unknown
629,Eddie Miranda ,21,Male,0.0,+19414871587,Port Kimberly,Unknown,1976-02-12 00:00:00,Unknown,0.0,active,3.87,excellent,181.0,2001-06-01 00:00:00,"580 Sean Walk, South Saraview","['term', 'face']",3.0,1.0,4.0,"['night', 'red']",4.0,762.0,618.0,laptop,HP,2018.0,phone,Xiaomi,2018.0,Unknown,South Saraview,Unknown
630,Unknown,22,Unknown,65.0,+18655785473,Dustinmouth,Unknown,,Data Science,0.0,active,0.0,None,262.0,1996-03-12 09:14:30,"Apartment 15, West Joseph district, Tashkent, UZ, 100817",,,,,,,,,,,,,,,100817,Tashkent, West Joseph district
631,Unknown,19,Unknown,0.0,+0016866293371,Patriciaport,kristencohen@brown.com,2008-10-17 01:49:29,Unknown,0.0,pending,0.0,None,214.0,,"New Raymondchester 21-kv, dom 12, Tashkent","['range', 'evidence']",3.0,1.0,4.0,"['study', 'listen']",4.0,480.0,454.0,laptop,HP,2018.0,phone,Xiaomi,2018.0,Unknown,Tashkent,Unknown
632,Michelle Price ,20,Male,93.0,+8134467811,Lake Mistyside,Unknown,,Data Science,80.0,pending,1.39,excellent,187.0,2018-08-05 00:00:00,UZ 100591 Tashkent Bradleymouth,"['radio', 'arm']",1.0,2.0,2.0,"['offer', 'hair']",0.0,1476.0,1385.0,laptop,HP,2015.0,phone,Samsung,2023.0,100591,Unknown,Unknown
633,Unknown,18,Unknown,72.0,+9292287610,Jackieville,Unknown,1981-08-14 20:59:00,Data Science,83.0,active,0.0,excellent,164.0,1981-09-17 00:00:00,"Apartment 36, Hoffmanbury district, Tashkent, UZ, 100441","['shoulder', 'option']",4.0,4.0,5.0,"['machine', 'use']",5.0,1141.0,431.0,laptop,HP,2024.0,phone,Xiaomi,2021.0,100441,Tashkent, Hoffmanbury district
634,Jeffrey Greene ,0,Unknown,0.0,+8295068162,Lake Brianport,Unknown,2004-08-16 17:18:00,Unknown,0.0,active,4.05,  excellent  ,187.0,1984-12-23 17:20:00,"BROKEN,ADDRESS,DATA,,,",,,,,,,,,,,,,,,Unknown,Unknown,Unknown
635,Unknown,21,Female,100.0,+10003580435,Lake Joshua,jacobsrandy@collins-harrison.biz,1993-07-04 16:36:32,Unknown,0.0,pending,0.0,good,294.0,,UZ 100086 Tashkent Teresafort,,,,,,,,,,,,,,,100086,Unknown,Unknown
636,Unknown,19,Female,72.0,Unknown,Allenfort,Unknown,1984-12-25 00:00:00,Data Science,88.0,active,0.0,  excellent  ,252.0,1981-12-19 00:00:00,UZ 100295 Tashkent Lake Cassandraburgh,"['yeah', 'poor']",1.0,5.0,1.0,"['everybody', 'easy']",5.0,1144.0,1098.0,laptop,HP,2023.0,phone,Xiaomi,2024.0,100295,Unknown,Unknown
637,Melissa Floyd ,18,Female,0.0,+0014285907104,Jamestown,Unknown,2012-03-24 00:00:00,Python,0.0,active,0.0,None,112.0,1991-09-11 00:00:00,UZ 100152 Tashkent Michaelshire,,,,,,,,,,,,,,,100152,Unknown,Unknown
638,Unknown,20,Female,0.0,+0013789164534,Coopermouth,Unknown,1991-11-18 09:44:08,Data Science,0.0,pending,0.0,excellent,230.0,1984-06-21 00:00:00,"BROKEN,ADDRESS,DATA,,,",,,,,,,,,,,,,,,Unknown,Unknown,Unknown
639,Unknown,22,Male,56.0,+16600717305,Monroeview,Unknown,1998-06-17 00:00:00,Unknown,0.0,inactive,3.38,  excellent  ,235.0,2004-02-27 00:00:00,UZ 100501 Tashkent South Robert,"['defense', 'firm']",4.0,3.0,1.0,"['capital', 'contain']",1.0,1005.0,453.0,laptop,Lenovo,2020.0,phone,Apple,2020.0,100501,Unknown,Unknown
640,Unknown,21,Unknown,0.0,Unknown,New Amandastad,Unknown,,Unknown,0.0,inactive,0.0,average,121.0,1991-05-03 00:00:00,"BROKEN,ADDRESS,DATA,,,",,,,,,,,,,,,,,,Unknown,Unknown,Unknown
641,Unknown,0,Female,89.0,+5588638436,Lucasstad,Unknown,2011-08-29 00:00:00,Unknown,0.0,inactive,0.0,None,165.0,2004-07-07 00:00:00,"39572 Sparks Ville, Smithfort",,,,,,,,,,,,,,,39572,Smithfort,Unknown
642,Kristen Wu ,20,Male,0.0,+0015976482146,Port Timothy,Unknown,2022-01-05 00:00:00,Unknown,0.0,inactive,0.0,  excellent  ,279.0,1988-07-02 00:00:00,"Apartment 23, Jayport district, Tashkent, UZ, 100728",,,,,,,,,,,,,,,100728,Tashkent, Jayport district
643,Unknown,0,Unknown,0.0,Unknown,West Ryan,Unknown,2010-07-21 00:00:00,Data Science,97.0,pending,0.0,good,223.0,1986-05-28 00:00:00,"011 Clark Stravenue Apt. 882, Port Ericborough","['prove', 'rest']",5.0,3.0,2.0,"['carry', 'cover']",3.0,580.0,929.0,laptop,Lenovo,2017.0,phone,Xiaomi,2021.0,Unknown,Port Ericborough,Unknown
644,Unknown,0,Female,52.0,+1342821013,East Angelabury,Unknown,1977-10-13 00:00:00,Unknown,84.0,inactive,0.0,None,212.0,2025-01-03 02:54:30,"Apartment 5, Irwinport district, Tashkent, UZ, 100581","['plan', 'hotel']",4.0,1.0,2.0,"['whose', 'glass']",1.0,1063.0,604.0,laptop,Lenovo,2023.0,phone,Samsung,2020.0,100581,Tashkent, Irwinport district
645,Michael Richardson,20,Male,0.0,Unknown,Carsonbury,Unknown,,Python,95.0,pending,0.0,None,247.0,2016-09-01 00:00:00,"Apartment 41, North Benjamin district, Tashkent, UZ, 100898","['call', 'low']",5.0,2.0,3.0,"['scientist', 'subject']",2.0,944.0,291.0,laptop,HP,2023.0,phone,Samsung,2022.0,100898,Tashkent, North Benjamin district
646,Karen Miller,18,Female,78.0,+18071242803,New Anthonyberg,Unknown,1991-06-04 21:05:42,Python,89.0,inactive,0.0,None,66.0,1992-12-12 00:00:00,"Apartment 12, East Christopher district, Tashkent, UZ, 100491",,,,,,,,,,,,,,,100491,Tashkent, East Christopher district
647,Meagan Benton ,19,Female,61.0,Unknown,West Edward,nathanortiz@stein.com,1985-11-20 05:11:00,Data Science,0.0,active,0.0,  excellent  ,299.0,2001-10-07 00:00:00,UZ 100647 Tashkent Fordton,,,,,,,,,,,,,,,100647,Unknown,Unknown
648,Michelle Turner ,20,Male,0.0,Unknown,Port Bethanyton,Unknown,,Unknown,0.0,inactive,0.0,average,84.0,,"Lake James 13-kv, dom 2, Tashkent","['force', 'as']",5.0,2.0,4.0,"['store', 'artist']",5.0,1332.0,579.0,laptop,HP,2020.0,phone,Samsung,2020.0,Unknown,Tashkent,Unknown
649,Unknown,21,Unknown,0.0,+5141352854,West Eric,Unknown,2016-03-19 00:00:00,Python,0.0,pending,0.0,  excellent  ,61.0,2021-03-21 00:00:00,"Apartment 22, Thomasborough district, Tashkent, UZ, 100030",,,,,,,,,,,,,,,100030,Tashkent, Thomasborough district
650,Janice Sutton ,18,Unknown,0.0,Unknown,Carterton,Unknown,1974-02-08 00:00:00,Unknown,64.0,pending,0.0,average,284.0,1986-01-21 06:47:27,"BROKEN,ADDRESS,DATA,,,",,,,,,,,,,,,,,,Unknown,Unknown,Unknown
651,Ryan Wilson,18,Female,65.0,+6414814742,Michaelport,jacksonvictoria@mullins-fuller.net,2007-04-29 09:49:00,Data Science,98.0,active,2.23,excellent,183.0,1998-01-14 00:00:00,UZ 100519 Tashkent Rodneytown,"['recently', 'catch']",3.0,5.0,1.0,"['night', 'none']",3.0,310.0,480.0,laptop,Dell,2016.0,phone,Xiaomi,2024.0,100519,Unknown,Unknown
652,Unknown,18,Female,0.0,Unknown,Danatown,Unknown,1978-02-18 21:56:00,Unknown,0.0,inactive,0.0,excellent,131.0,,UZ 100805 Tashkent Cabreraberg,,,,,,,,,,,,,,,100805,Unknown,Unknown
653,Melissa Moore DDS ,20,Male,84.0,+18140849308,South Johnton,Unknown,1995-11-06 00:00:00,Python,0.0,pending,1.3,  excellent  ,135.0,2003-05-19 00:00:00,"Apartment 17, West Gregoryburgh district, Tashkent, UZ, 100707",,,,,,,,,,,,,,,100707,Tashkent, West Gregoryburgh district
654,Tina Brown,20,Female,0.0,Unknown,Ginafort,Unknown,1975-12-14 17:01:28,Python,0.0,pending,0.0,  excellent  ,225.0,2019-03-28 00:00:00,"West Jameschester 12-kv, dom 34, Tashkent",,,,,,,,,,,,,,,Unknown,Tashkent,Unknown
655,Unknown,21,Female,94.0,Unknown,Grayborough,Unknown,2017-03-08 12:35:00,Data Science,0.0,active,0.0,good,292.0,2014-05-20 00:00:00,"BROKEN,ADDRESS,DATA,,,","['television', 'sport']",4.0,2.0,3.0,"['security', 'successful']",2.0,291.0,982.0,laptop,Dell,2020.0,phone,Apple,2019.0,Unknown,Unknown,Unknown
656,Brandon Gross,22,Female,79.0,+1305345966,Paulfort,nwong@yahoo.com,2017-03-23 15:50:00,Unknown,0.0,inactive,0.0,None,197.0,2007-10-15 00:59:49,"7610 Baker Glens Suite 376, Port Carol","['woman', 'human']",2.0,2.0,4.0,"['power', 'read']",2.0,1028.0,412.0,laptop,Lenovo,2022.0,phone,Apple,2021.0,Unknown,Port Carol,Unknown
657,Eric Stewart,22,Male,74.0,Unknown,Williamsborough,Unknown,,Data Science,0.0,active,0.0,average,188.0,1993-10-20 00:00:00,"Shahburgh 22-kv, dom 42, Tashkent","['standard', 'attack']",4.0,3.0,5.0,"['threat', 'this']",5.0,1388.0,617.0,laptop,Lenovo,2019.0,phone,Xiaomi,2023.0,Unknown,Tashkent,Unknown
658,Kaitlin Cobb,18,Unknown,0.0,+5804192810,Coxfort,Unknown,2015-07-06 00:00:00,Unknown,0.0,inactive,0.0,average,167.0,1992-04-28 00:24:00,"BROKEN,ADDRESS,DATA,,,","['clear', 'miss']",2.0,1.0,4.0,"['accept', 'article']",3.0,705.0,1163.0,laptop,HP,2016.0,phone,Xiaomi,2024.0,Unknown,Unknown,Unknown
659,Brittney Chapman,19,Female,60.0,Unknown,Nicholasbury,Unknown,2002-09-06 21:07:00,Unknown,0.0,active,0.0,None,93.0,2010-09-18 03:12:00,UZ 100771 Tashkent South Janet,,,,,,,,,,,,,,,100771,Unknown,Unknown
660,Unknown,0,Unknown,0.0,+4119699710,Christopherton,Unknown,2016-07-18 07:03:00,Unknown,0.0,inactive,0.0,excellent,259.0,2009-06-16 00:00:00,"West Kari 8-kv, dom 5, Tashkent","['first', 'article']",1.0,3.0,2.0,"['less', 'interview']",4.0,202.0,1468.0,laptop,Lenovo,2023.0,phone,Samsung,2019.0,Unknown,Tashkent,Unknown
661,Jennifer Chavez ,21,Male,0.0,Unknown,Rodriguezberg,Unknown,2016-10-16 13:13:41,Unknown,0.0,active,0.0,  excellent  ,160.0,2016-02-13 11:02:19,"BROKEN,ADDRESS,DATA,,,","['president', 'enter']",5.0,2.0,3.0,"['Congress', 'year']",1.0,1259.0,1324.0,laptop,HP,2020.0,phone,Apple,2023.0,Unknown,Unknown,Unknown
662,Unknown,20,Unknown,80.0,Unknown,Port Daniel,ageorge@gmail.com,2009-11-17 00:00:00,Python,0.0,active,0.0,None,73.0,1974-03-22 00:00:00,"Lake Christopherchester 3-kv, dom 9, Tashkent",,,,,,,,,,,,,,,Unknown,Tashkent,Unknown
663,Thomas Bailey,0,Male,0.0,+4999413476,Melissachester,Unknown,2008-08-16 23:17:00,Unknown,0.0,inactive,0.0,average,295.0,1975-08-14 18:49:44,UZ 100301 Tashkent West Jessefurt,"['build', 'break']",1.0,1.0,2.0,"['suffer', 'meet']",0.0,1290.0,1099.0,laptop,Dell,2023.0,phone,Apple,2018.0,100301,Unknown,Unknown
664,Joel Lam ,18,Female,88.0,+1356856995,Lake Josephbury,Unknown,2008-05-13 00:00:00,Python,100.0,inactive,3.46,good,294.0,1984-10-21 00:00:00,"Apartment 4, Jordanton district, Tashkent, UZ, 100711","['line', 'can']",3.0,2.0,5.0,"['talk', 'always']",2.0,1167.0,863.0,laptop,Dell,2019.0,phone,Samsung,2018.0,100711,Tashkent, Jordanton district
665,Unknown,18,Female,73.0,+3286619055,New Wendyville,Unknown,2021-07-30 04:25:00,Python,0.0,inactive,3.93,excellent,257.0,1991-06-23 18:14:56,"Apartment 35, North Davidburgh district, Tashkent, UZ, 100920","['take', 'group']",4.0,2.0,4.0,"['no', 'kitchen']",4.0,502.0,570.0,laptop,HP,2020.0,phone,Apple,2024.0,100920,Tashkent, North Davidburgh district
666,Unknown,18,Male,60.0,+4985544500,Johnsonburgh,Unknown,2002-08-19 19:18:47,Unknown,0.0,inactive,0.0,excellent,112.0,2008-07-19 03:02:43,"BROKEN,ADDRESS,DATA,,,",,,,,,,,,,,,,,,Unknown,Unknown,Unknown
667,Joshua Wiley,20,Female,70.0,Unknown,New Michael,Unknown,2025-03-01 23:37:41,Unknown,0.0,inactive,2.35,None,157.0,,UZ 100944 Tashkent Paulburgh,,,,,,,,,,,,,,,100944,Unknown,Unknown
668,Unknown,0,Unknown,0.0,Unknown,South Ryan,villarrealronald@rogers.com,1998-04-23 03:06:42,Unknown,0.0,active,0.0,good,247.0,2023-12-26 00:00:00,"Apartment 42, Christieville district, Tashkent, UZ, 100696","['third', 'out']",5.0,3.0,5.0,"['discussion', 'democratic']",3.0,1022.0,295.0,laptop,Dell,2023.0,phone,Samsung,2024.0,100696,Tashkent, Christieville district
669,Andrea Thomas ,0,Unknown,0.0,+3885097753,Kennethland,Unknown,1982-07-22 00:00:00,Unknown,80.0,inactive,0.0,excellent,5800.0,1994-02-20 00:00:00,UZ 100474 Tashkent Jasonhaven,"['live', 'arrive']",5.0,5.0,4.0,"['soldier', 'skin']",1.0,324.0,909.0,laptop,Lenovo,2022.0,phone,Samsung,2018.0,100474,Unknown,Unknown
670,Unknown,18,Male,0.0,Unknown,West Kimberly,Unknown,,Unknown,0.0,active,3.87,good,61.0,1996-06-19 00:00:00,"Apartment 28, North Lauraville district, Tashkent, UZ, 100298",,,,,,,,,,,,,,,100298,Tashkent, North Lauraville district
671,Unknown,0,Male,91.0,+9592815921,Lake Susan,frazieramber@gmail.com,2003-10-04 09:49:55,Unknown,0.0,inactive,0.0,  excellent  ,270.0,1996-07-03 00:00:00,"Apartment 32, West Angela district, Tashkent, UZ, 100459",,,,,,,,,,,,,,,100459,Tashkent, West Angela district
672,Frank Ward,0,Female,0.0,Unknown,West Erikamouth,rowevalerie@gmail.com,2006-07-04 04:24:18,Unknown,0.0,pending,0.0,excellent,84.0,2014-05-16 00:00:00,UZ 100098 Tashkent North Tammy,"['rise', 'instead']",1.0,4.0,5.0,"['miss', 'operation']",2.0,520.0,1164.0,laptop,HP,2023.0,phone,Samsung,2018.0,100098,Unknown,Unknown
673,Caitlin Brown,20,Female,0.0,+8840217757,East Jasmineborough,Unknown,2018-12-21 00:00:00,Unknown,0.0,active,0.0,excellent,297.0,2019-01-13 00:00:00,UZ 100047 Tashkent Ruiztown,,,,,,,,,,,,,,,100047,Unknown,Unknown
674,Aaron Reynolds ,18,Female,93.0,+3665415025,Johnshire,Unknown,1980-09-11 02:22:00,Data Science,0.0,active,0.0,good,56.0,2017-10-19 02:05:43,UZ 100463 Tashkent Allenberg,,,,,,,,,,,,,,,100463,Unknown,Unknown
675,Unknown,0,Female,68.0,+0019075650218,Vanessaburgh,rjohnson@gmail.com,2017-06-13 00:55:00,Unknown,92.0,pending,0.0,  excellent  ,181.0,1982-03-23 00:00:00,"BROKEN,ADDRESS,DATA,,,","['bed', 'address']",2.0,2.0,3.0,"['health', 'production']",5.0,1449.0,792.0,laptop,Dell,2020.0,phone,Samsung,2022.0,Unknown,Unknown,Unknown
676,Keith Marshall ,18,Male,0.0,+12328080214,Lake Ricardo,Unknown,,Unknown,0.0,inactive,0.0,excellent,245.0,2022-03-22 00:00:00,"BROKEN,ADDRESS,DATA,,,","['security', 'artist']",4.0,5.0,1.0,"['smile', 'area']",3.0,971.0,544.0,laptop,Dell,2018.0,phone,Xiaomi,2019.0,Unknown,Unknown,Unknown
677,Christopher Griffin,22,Male,0.0,Unknown,New Jessicaburgh,danielsbrent@gmail.com,1995-11-27 18:10:00,Data Science,70.0,active,0.0,excellent,227.0,1979-01-17 00:00:00,UZ 100395 Tashkent Lake Andre,"['seven', 'or']",2.0,4.0,2.0,"['since', 'Mr']",2.0,522.0,1281.0,laptop,HP,2024.0,phone,Samsung,2018.0,100395,Unknown,Unknown
678,Amanda Johnson,18,Female,0.0,Unknown,Lake Lindsayport,Unknown,2015-08-10 00:00:00,Unknown,0.0,pending,0.0,excellent,259.0,2005-12-04 19:31:13,UZ 100414 Tashkent Andreafort,"['need', 'when']",5.0,1.0,2.0,"['partner', 'notice']",2.0,1056.0,1402.0,laptop,HP,2024.0,phone,Apple,2024.0,100414,Unknown,Unknown
679,Gary Munoz,18,Female,0.0,+9665141194,Port Michaelton,Unknown,1977-02-25 00:00:00,Unknown,0.0,inactive,0.0,average,29300.0,1986-05-21 00:00:00,UZ 100733 Tashkent North Davidberg,,,,,,,,,,,,,,,100733,Unknown,Unknown
680,Tammy Haynes ,18,Female,0.0,+0010112775166,South Elizabethborough,Unknown,2017-11-03 05:12:00,Data Science,0.0,pending,0.0,excellent,262.0,1975-02-03 00:00:00,"2547 Brandon Points Suite 778, Ricetown",,,,,,,,,,,,,,,Unknown,Ricetown,Unknown
681,Jennifer Hanson,18,Male,0.0,Unknown,Williamsport,Unknown,2020-09-27 00:00:00,Unknown,0.0,active,0.0,average,188.0,1976-04-19 00:09:16,"New Whitney 5-kv, dom 24, Tashkent",,,,,,,,,,,,,,,Unknown,Tashkent,Unknown
682,Steven Rodriguez ,20,Unknown,73.0,+9230703425,Donnaview,Unknown,,Python,0.0,active,3.89,excellent,260.0,,UZ 100158 Tashkent North Toddfurt,"['no', 'score']",5.0,3.0,3.0,"['staff', 'beat']",5.0,900.0,729.0,laptop,Dell,2018.0,phone,Samsung,2022.0,100158,Unknown,Unknown
683,Joseph Ruiz,21,Unknown,0.0,+14323764962,Davidfort,stoutpaul@yahoo.com,1993-02-12 13:30:00,Unknown,91.0,inactive,0.0,  excellent  ,15800.0,2014-05-24 00:00:00,"BROKEN,ADDRESS,DATA,,,","['couple', 'grow']",2.0,5.0,2.0,"['surface', 'control']",5.0,995.0,458.0,laptop,Lenovo,2020.0,phone,Xiaomi,2022.0,Unknown,Unknown,Unknown
684,Unknown,22,Male,85.0,+0140264689,Clairestad,Unknown,2018-07-10 00:00:00,Data Science,0.0,active,0.0,average,162.0,1989-05-13 00:00:00,UZ 100137 Tashkent Gloverborough,,,,,,,,,,,,,,,100137,Unknown,Unknown
685,Scott Vazquez ,18,Unknown,0.0,+1405693589,North Rachelville,xkelley@gmail.com,,Data Science,0.0,inactive,0.0,  excellent  ,260.0,2010-02-28 00:00:00,"840 Mcdaniel Route Suite 183, Joshuatown","['hospital', 'address']",1.0,4.0,3.0,"['religious', 'when']",2.0,1436.0,1024.0,laptop,HP,2020.0,phone,Apple,2024.0,Unknown,Joshuatown,Unknown
686,Christina Small MD,20,Unknown,66.0,+4748314110,Port Juliaport,Unknown,1976-03-07 00:00:00,Python,0.0,pending,0.0,average,177.0,,UZ 100787 Tashkent Carneyview,,,,,,,,,,,,,,,100787,Unknown,Unknown
687,Sarah Brown,20,Unknown,90.0,+0015760518069,Robertsville,Unknown,2014-05-14 23:46:13,Unknown,0.0,active,0.0,average,165.0,2008-09-17 20:10:00,UZ 100811 Tashkent Johnnyton,"['who', 'player']",4.0,1.0,2.0,"['throw', 'central']",2.0,1136.0,925.0,laptop,HP,2015.0,phone,Samsung,2022.0,100811,Unknown,Unknown
688,Samuel Garcia ,18,Female,52.0,+8862100875,Gonzalezfurt,andrew67@hotmail.com,2019-02-14 00:00:00,Data Science,0.0,inactive,0.0,average,177.0,2017-05-26 00:00:00,UZ 100532 Tashkent Kevintown,"['rich', 'road']",2.0,2.0,3.0,"['find', 'grow']",5.0,269.0,897.0,laptop,Dell,2015.0,phone,Xiaomi,2020.0,100532,Unknown,Unknown
689,Unknown,21,Unknown,67.0,+0015354984540,East Markview,gregory47@garcia-maldonado.com,2000-02-11 00:00:00,Unknown,0.0,pending,0.0,  excellent  ,21300.0,1983-04-24 00:00:00,"South Thomas 10-kv, dom 16, Tashkent","['wide', 'rise']",5.0,3.0,5.0,"['me', 'campaign']",1.0,1339.0,1052.0,laptop,Dell,2022.0,phone,Samsung,2023.0,Unknown,Tashkent,Unknown
690,Thomas Hickman,20,Female,0.0,+1986074748,Yangstad,bgarcia@yahoo.com,1988-10-12 00:00:00,Unknown,0.0,inactive,0.0,None,275.0,1970-02-03 00:00:00,"234 Jennifer Station, Tylerfurt",,,,,,,,,,,,,,,Unknown,Tylerfurt,Unknown
691,Clinton Walton ,0,Unknown,0.0,+0195686502,South Aliciamouth,Unknown,2024-05-12 00:00:00,Unknown,0.0,inactive,3.29,good,184.0,2012-05-24 00:00:00,"Lake Robert 27-kv, dom 23, Tashkent","['responsibility', 'person']",4.0,1.0,1.0,"['language', 'money']",2.0,1125.0,576.0,laptop,HP,2022.0,phone,Apple,2018.0,Unknown,Tashkent,Unknown
692,Ryan Johnson ,0,Female,0.0,+5008252784,West Jamesfurt,christycole@hotmail.com,1993-08-21 00:00:00,Unknown,0.0,inactive,0.0,average,283.0,2025-03-14 19:33:00,"BROKEN,ADDRESS,DATA,,,","['tree', 'Democrat']",1.0,3.0,1.0,"['who', 'financial']",2.0,900.0,381.0,laptop,Lenovo,2024.0,phone,Samsung,2019.0,Unknown,Unknown,Unknown
693,John Martin ,19,Female,95.0,+16323652942,Thompsonmouth,Unknown,,Unknown,0.0,inactive,0.0,  excellent  ,254.0,1982-01-14 00:00:00,"99339 Daniel Plains Suite 713, Carterstad","['yeah', 'stay']",1.0,4.0,4.0,"['address', 'step']",0.0,443.0,881.0,laptop,HP,2018.0,phone,Apple,2024.0,99339,Carterstad,Unknown
694,Unknown,0,Female,0.0,Unknown,Mcdonaldmouth,adamsandrew@sharp.biz,2003-10-01 00:00:00,Unknown,0.0,pending,1.68,good,113.0,1999-09-11 02:34:00,"West Matthewfurt 15-kv, dom 32, Tashkent",,,,,,,,,,,,,,,Unknown,Tashkent,Unknown
695,Unknown,18,Female,70.0,Unknown,West Patrickchester,vthompson@lewis.com,1995-07-13 00:00:00,Unknown,83.0,inactive,0.0,good,208.0,1972-05-01 21:41:00,"19337 Fitzgerald Rapids Suite 180, Tiffanytown",,,,,,,,,,,,,,,19337,Tiffanytown,Unknown
696,Unknown,22,Male,0.0,Unknown,Hermanhaven,Unknown,,Unknown,0.0,inactive,0.0,average,73.0,1997-06-04 06:01:00,"615 Freeman Camp, Sandersberg","['civil', 'follow']",3.0,2.0,2.0,"['bag', 'picture']",2.0,1346.0,1300.0,laptop,Lenovo,2022.0,phone,Samsung,2022.0,Unknown,Sandersberg,Unknown
697,Unknown,0,Unknown,93.0,+6928790399,Watsonbury,Unknown,1998-06-04 00:00:00,Data Science,0.0,inactive,0.0,good,203.0,1985-12-20 00:00:00,"1505 Moon Shore, Smithchester",,,,,,,,,,,,,,,Unknown,Smithchester,Unknown
698,Theresa King ,19,Male,91.0,+4246227514,Hurleyburgh,Unknown,1977-07-25 14:23:23,Data Science,0.0,active,1.22,excellent,226.0,1977-05-28 23:01:00,"BROKEN,ADDRESS,DATA,,,",,,,,,,,,,,,,,,Unknown,Unknown,Unknown
699,Charles White,20,Female,0.0,+17030257395,New Antonio,Unknown,,Unknown,0.0,inactive,0.0,None,225.0,2019-12-19 00:00:00,"Apartment 1, Fisherbury district, Tashkent, UZ, 100016","['side', 'resource']",5.0,4.0,1.0,"['race', 'as']",5.0,1429.0,928.0,laptop,HP,2024.0,phone,Xiaomi,2019.0,100016,Tashkent, Fisherbury district
700,Angela Nichols,19,Female,0.0,+3150867047,South Christopherberg,Unknown,2014-03-04 00:00:00,Unknown,0.0,inactive,0.0,good,5600.0,2010-04-01 00:00:00,"West Sara 6-kv, dom 12, Tashkent","['vote', 'speak']",2.0,5.0,5.0,"['occur', 'we']",3.0,358.0,1422.0,laptop,HP,2015.0,phone,Apple,2022.0,Unknown,Tashkent,Unknown
701,Unknown,0,Female,0.0,+3766109989,North Kimberlymouth,Unknown,1990-07-26 00:00:00,Data Science,0.0,pending,0.0,None,10200.0,2000-08-15 00:00:00,"BROKEN,ADDRESS,DATA,,,",,,,,,,,,,,,,,,Unknown,Unknown,Unknown
702,Megan Lester ,18,Female,90.0,+6107292481,Port Victoria,Unknown,1976-05-25 00:00:00,Data Science,67.0,pending,3.2,excellent,106.0,1997-02-17 11:19:00,"BROKEN,ADDRESS,DATA,,,",,,,,,,,,,,,,,,Unknown,Unknown,Unknown
703,Unknown,19,Male,55.0,+9626063863,Colemanmouth,Unknown,1999-10-30 00:00:00,Unknown,0.0,inactive,0.0,  excellent  ,217.0,1976-10-31 00:00:00,"North Zacharyville 23-kv, dom 2, Tashkent",,,,,,,,,,,,,,,Unknown,Tashkent,Unknown
704,Unknown,0,Female,0.0,+5490999472,Rogersbury,bkim@hotmail.com,2000-06-10 00:00:00,Data Science,99.0,inactive,0.0,None,246.0,2015-12-01 10:53:11,"BROKEN,ADDRESS,DATA,,,","['create', 'kind']",2.0,2.0,5.0,"['management', 'point']",5.0,678.0,589.0,laptop,Dell,2016.0,phone,Xiaomi,2018.0,Unknown,Unknown,Unknown
705,Blake Schneider ,22,Female,50.0,+4162053111,North Paultown,Unknown,1985-10-08 00:00:00,Data Science,0.0,inactive,0.0,excellent,93.0,2011-02-09 05:02:20,"BROKEN,ADDRESS,DATA,,,",,,,,,,,,,,,,,,Unknown,Unknown,Unknown
706,Jessica Mann ,20,Male,96.0,+2671353325,Brookefort,Unknown,1981-01-01 14:52:58,Unknown,0.0,active,0.0,good,264.0,1988-09-20 12:48:00,"BROKEN,ADDRESS,DATA,,,","['side', 'with']",1.0,4.0,5.0,"['he', 'guess']",5.0,945.0,417.0,laptop,Dell,2021.0,phone,Apple,2018.0,Unknown,Unknown,Unknown
707,Ronald Bowman ,18,Female,0.0,+17637901275,Sharonhaven,Unknown,2022-04-28 03:04:10,Data Science,0.0,pending,2.78,None,243.0,1997-07-28 01:41:45,"48855 Griffith Flats Apt. 769, Port Lindseymouth","['let', 'option']",3.0,3.0,2.0,"['painting', 'tonight']",0.0,949.0,1167.0,laptop,Dell,2024.0,phone,Samsung,2019.0,48855,Port Lindseymouth,Unknown
708,Unknown,21,Male,70.0,+8503801632,Lake Jonathan,Unknown,2024-05-20 00:00:00,Unknown,65.0,inactive,2.74,good,72.0,1987-12-20 00:00:00,"5025 Stephanie Tunnel Apt. 091, Paulbury","['your', 'likely']",5.0,2.0,5.0,"['senior', 'now']",2.0,1401.0,260.0,laptop,HP,2018.0,phone,Samsung,2019.0,Unknown,Paulbury,Unknown
709,Amanda Cortez,20,Unknown,89.0,+2754276850,South Jeffrey,Unknown,,Data Science,91.0,inactive,0.0,good,142.0,2024-04-05 00:00:00,"BROKEN,ADDRESS,DATA,,,","['assume', 'month']",4.0,1.0,3.0,"['real', 'bring']",1.0,1227.0,875.0,laptop,Lenovo,2020.0,phone,Xiaomi,2022.0,Unknown,Unknown,Unknown
710,Amber Brock ,20,Unknown,0.0,Unknown,Mirandaville,brianbenson@yahoo.com,,Data Science,0.0,active,0.0,average,191.0,1996-12-07 00:00:00,"986 Brown Cliff Apt. 309, New Gregory",,,,,,,,,,,,,,,Unknown,New Gregory,Unknown
711,Unknown,20,Unknown,62.0,Unknown,West Mark,codycarroll@hotmail.com,,Unknown,0.0,pending,0.0,excellent,95.0,2024-03-30 06:45:00,"696 Roth Falls Suite 393, Port Joseph","['our', 'thing']",2.0,3.0,1.0,"['between', 'information']",0.0,888.0,1339.0,laptop,Lenovo,2020.0,phone,Apple,2020.0,Unknown,Port Joseph,Unknown
712,Mr. Timothy Herrera ,18,Female,0.0,+3162651050,East Tammy,Unknown,2022-12-28 14:26:00,Data Science,77.0,pending,0.0,good,64.0,1989-09-30 00:00:00,"Apartment 13, Cobbfort district, Tashkent, UZ, 100837","['manage', 'nature']",1.0,5.0,4.0,"['score', 'difference']",3.0,640.0,244.0,laptop,Dell,2024.0,phone,Samsung,2018.0,100837,Tashkent, Cobbfort district
713,Johnny Alexander,18,Unknown,0.0,Unknown,Port Natashastad,Unknown,1974-03-26 20:31:00,Unknown,0.0,inactive,0.0,  excellent  ,243.0,1977-08-16 00:00:00,UZ 100627 Tashkent Burkeside,"['of', 'wrong']",5.0,2.0,2.0,"['everybody', 'education']",0.0,1148.0,817.0,laptop,Lenovo,2015.0,phone,Samsung,2024.0,100627,Unknown,Unknown
714,Marcus Sanchez,21,Unknown,0.0,Unknown,Lake Jasonmouth,Unknown,1980-07-14 00:00:00,Unknown,0.0,pending,0.0,  excellent  ,5800.0,2018-11-06 10:50:00,UZ 100938 Tashkent New Aliciaview,"['save', 'beat']",1.0,2.0,4.0,"['usually', 'yard']",1.0,1394.0,262.0,laptop,HP,2024.0,phone,Xiaomi,2021.0,100938,Unknown,Unknown
715,Brian Payne,18,Male,81.0,+3078539838,New Mary,Unknown,1991-03-02 00:00:00,Data Science,0.0,pending,0.0,average,143.0,1976-03-03 00:00:00,"26959 Mark Coves Apt. 082, North Thomasberg","['PM', 'toward']",4.0,3.0,2.0,"['dark', 'resource']",0.0,460.0,662.0,laptop,Dell,2020.0,phone,Apple,2024.0,26959,North Thomasberg,Unknown
716,Kathy Wright,20,Male,0.0,Unknown,West Davidchester,Unknown,2022-06-28 00:00:00,Unknown,0.0,active,0.0,excellent,82.0,1991-04-15 00:00:00,"BROKEN,ADDRESS,DATA,,,","['when', 'avoid']",4.0,3.0,5.0,"['job', 'account']",0.0,775.0,1043.0,laptop,Dell,2017.0,phone,Samsung,2019.0,Unknown,Unknown,Unknown
717,Unknown,0,Unknown,0.0,+0163639556,Lake Rebecca,Unknown,,Data Science,0.0,pending,0.0,good,210.0,,"Apartment 4, South Christopher district, Tashkent, UZ, 100917","['to', 'name']",2.0,1.0,3.0,"['government', 'dark']",1.0,721.0,1194.0,laptop,Lenovo,2022.0,phone,Xiaomi,2020.0,100917,Tashkent, South Christopher district
718,Sara Contreras,18,Unknown,0.0,+0012398906741,Port Meganberg,Unknown,,Unknown,0.0,pending,0.0,None,79.0,1970-08-16 00:00:00,UZ 100007 Tashkent Mclaughlinstad,"['foreign', 'school']",3.0,1.0,4.0,"['want', 'business']",2.0,409.0,1423.0,laptop,HP,2023.0,phone,Apple,2023.0,100007,Unknown,Unknown
719,Rodney Jackson,20,Unknown,87.0,+0019599007842,Ramirezchester,ann40@morales-wolf.com,1998-11-09 00:00:00,Unknown,0.0,inactive,0.0,average,5400.0,1985-04-13 00:00:00,"Apartment 20, North Katieville district, Tashkent, UZ, 100714",,,,,,,,,,,,,,,100714,Tashkent, North Katieville district
720,Amanda Miller,18,Male,68.0,Unknown,West Matthewshire,Unknown,2009-06-16 00:00:00,Unknown,0.0,pending,0.0,average,240.0,2008-12-02 18:43:00,UZ 100243 Tashkent Meganhaven,,,,,,,,,,,,,,,100243,Unknown,Unknown
721,Cody Wilson,19,Female,95.0,+1135096348,North Kristin,daviskevin@aguilar-moran.com,2022-06-13 04:10:10,Unknown,0.0,pending,0.0,None,193.0,1979-09-24 06:40:43,UZ 100355 Tashkent New Jenniferport,"['place', 'become']",1.0,3.0,1.0,"['much', 'anything']",5.0,1106.0,597.0,laptop,Dell,2019.0,phone,Xiaomi,2021.0,100355,Unknown,Unknown
722,Danielle Brown ,19,Unknown,77.0,+0323511177,Gibsonport,Unknown,2002-12-06 00:00:00,Unknown,81.0,pending,0.0,excellent,57.0,1980-03-31 00:00:00,"BROKEN,ADDRESS,DATA,,,",,,,,,,,,,,,,,,Unknown,Unknown,Unknown
723,William Davis,18,Male,0.0,+0018968311482,Scottfurt,Unknown,2023-11-14 00:00:00,Unknown,61.0,inactive,0.0,  excellent  ,102.0,1976-09-03 23:57:00,"Apartment 5, West Austin district, Tashkent, UZ, 100839","['off', 'because']",5.0,4.0,5.0,"['government', 'exactly']",4.0,1151.0,296.0,laptop,Lenovo,2023.0,phone,Apple,2023.0,100839,Tashkent, West Austin district
724,James Perez ,20,Female,82.0,+3263406267,East Andrew,Unknown,1980-03-14 00:00:00,Unknown,0.0,inactive,0.0,average,60.0,1970-12-19 00:00:00,"63452 Johnny Ports Suite 957, North Maria",,,,,,,,,,,,,,,63452,North Maria,Unknown
725,Ashley Harper ,18,Male,0.0,+6623767419,Franciscobury,katherine53@phillips.com,1983-10-04 20:48:03,Data Science,0.0,active,0.0,None,260.0,,UZ 100448 Tashkent North Marytown,,,,,,,,,,,,,,,100448,Unknown,Unknown
726,Jason Cunningham,0,Female,63.0,+3906449769,Williamsonstad,Unknown,2024-08-10 00:00:00,Unknown,0.0,active,0.0,average,263.0,,"BROKEN,ADDRESS,DATA,,,",,,,,,,,,,,,,,,Unknown,Unknown,Unknown
727,Molly Hernandez,19,Male,75.0,+0011424375779,Port Heatherbury,Unknown,2000-11-30 00:00:00,Unknown,62.0,active,0.0,None,194.0,1986-06-05 21:08:00,"479 Kimberly Dale Apt. 159, Newtonstad","['society', 'sometimes']",5.0,1.0,4.0,"['detail', 'certain']",5.0,202.0,448.0,laptop,HP,2022.0,phone,Samsung,2022.0,Unknown,Newtonstad,Unknown
728,Unknown,18,Male,90.0,Unknown,West Tammie,Unknown,1998-09-18 04:51:00,Data Science,0.0,inactive,0.0,excellent,62.0,,"BROKEN,ADDRESS,DATA,,,","['whole', 'century']",4.0,2.0,1.0,"['analysis', 'receive']",5.0,1026.0,1286.0,laptop,HP,2016.0,phone,Apple,2023.0,Unknown,Unknown,Unknown
729,Glenn Nguyen ,21,Unknown,65.0,+0016256457646,Davidland,Unknown,2010-10-30 00:00:00,Unknown,0.0,pending,0.0,average,180.0,2005-01-15 00:00:00,"2360 Bass Gateway, Port Wesley",,,,,,,,,,,,,,,Unknown,Port Wesley,Unknown
730,Unknown,18,Male,81.0,+11549404835,Lake Joseph,bdelgado@gmail.com,2020-04-02 00:00:00,Unknown,0.0,active,0.0,good,58.0,1990-01-07 20:29:00,UZ 100825 Tashkent Carlosberg,,,,,,,,,,,,,,,100825,Unknown,Unknown
731,Janet Mueller ,20,Male,0.0,Unknown,Greerhaven,Unknown,,Unknown,0.0,inactive,0.0,  excellent  ,69.0,1980-11-07 23:05:00,"031 Annette Harbors Suite 552, Ellisview",,,,,,,,,,,,,,,Unknown,Ellisview,Unknown
732,Andrea Parsons ,19,Male,76.0,+0018533230304,Robertstad,Unknown,2012-09-04 21:49:24,Unknown,0.0,inactive,0.0,excellent,219.0,2002-11-05 17:42:04,"Brianberg 11-kv, dom 28, Tashkent",,,,,,,,,,,,,,,Unknown,Tashkent,Unknown
733,Ann Ford ,18,Female,68.0,+5621852442,Nealmouth,Unknown,2018-01-24 00:00:00,Python,0.0,active,0.0,excellent,193.0,2011-02-20 00:00:00,"BROKEN,ADDRESS,DATA,,,","['deep', 'understand']",4.0,3.0,2.0,"['region', 'reach']",3.0,1105.0,1139.0,laptop,HP,2017.0,phone,Xiaomi,2019.0,Unknown,Unknown,Unknown
734,Unknown,20,Unknown,0.0,Unknown,Port Joshuaborough,Unknown,1990-06-18 00:00:00,Python,0.0,inactive,0.0,None,182.0,1980-07-30 00:00:00,"34007 Young Courts, South Kennethborough","['wait', 'reduce']",2.0,2.0,5.0,"['face', 'after']",4.0,734.0,1086.0,laptop,HP,2024.0,phone,Samsung,2020.0,34007,South Kennethborough,Unknown
735,Jeffrey Harper,19,Unknown,0.0,Unknown,North Jameston,Unknown,2001-07-25 12:59:00,Unknown,0.0,pending,0.0,  excellent  ,71.0,2006-09-28 00:00:00,"BROKEN,ADDRESS,DATA,,,",,,,,,,,,,,,,,,Unknown,Unknown,Unknown
736,Roy Buchanan ,18,Unknown,90.0,+1806749803,South Ivanland,lisa49@gilbert-morris.com,2019-09-22 04:47:00,Data Science,0.0,inactive,0.0,good,292.0,1977-03-22 00:00:00,UZ 100284 Tashkent South Elizabethburgh,"['must', 'add']",1.0,5.0,4.0,"['them', 'laugh']",5.0,959.0,459.0,laptop,Lenovo,2024.0,phone,Apple,2019.0,100284,Unknown,Unknown
737,Kimberly Mckinney,22,Female,0.0,Unknown,Josephton,Unknown,1982-12-28 00:00:00,Data Science,0.0,active,1.15,  excellent  ,120.0,,"BROKEN,ADDRESS,DATA,,,",,,,,,,,,,,,,,,Unknown,Unknown,Unknown
738,Richard Todd,22,Female,0.0,+12627722943,Darrylland,Unknown,2017-11-21 00:00:00,Python,0.0,pending,0.0,average,23300.0,,"37735 Mendoza Extensions Suite 641, Port Brian",,,,,,,,,,,,,,,37735,Port Brian,Unknown
739,Joshua Phillips,18,Male,0.0,Unknown,Ingramview,stephen59@love.com,2013-09-01 00:00:00,Data Science,0.0,pending,0.0,  excellent  ,6700.0,1995-02-03 00:00:00,"Apartment 21, North Amandachester district, Tashkent, UZ, 100894",,,,,,,,,,,,,,,100894,Tashkent, North Amandachester district
740,Unknown,20,Male,69.0,+6217635302,Stephenfurt,gibsonjacob@garcia-curtis.info,1989-12-02 00:00:00,Data Science,100.0,active,0.0,good,11000.0,1992-06-19 00:00:00,"BROKEN,ADDRESS,DATA,,,","['also', 'suggest']",3.0,5.0,4.0,"['glass', 'gun']",5.0,568.0,1500.0,laptop,Lenovo,2017.0,phone,Apple,2021.0,Unknown,Unknown,Unknown
741,Melinda Wright,19,Unknown,56.0,Unknown,East Jason,Unknown,1992-03-25 00:00:00,Unknown,0.0,active,0.0,average,96.0,1985-02-20 16:33:10,"Port Angelfort 6-kv, dom 20, Tashkent","['as', 'job']",2.0,1.0,3.0,"['man', 'upon']",3.0,924.0,1178.0,laptop,Lenovo,2019.0,phone,Samsung,2018.0,Unknown,Tashkent,Unknown
742,Jonathan Anderson,22,Male,77.0,Unknown,New Dawnshire,Unknown,2012-10-26 00:00:00,Data Science,0.0,pending,0.0,excellent,283.0,1991-09-13 00:00:00,"Apartment 49, Lisastad district, Tashkent, UZ, 100302","['page', 'Congress']",2.0,3.0,2.0,"['have', 'form']",5.0,887.0,1435.0,laptop,Lenovo,2021.0,phone,Apple,2020.0,100302,Tashkent, Lisastad district
743,Richard Rogers ,19,Unknown,0.0,+8224054295,Port Wandashire,yanggary@miles-morris.info,2014-01-03 00:00:00,Unknown,0.0,active,0.0,good,133.0,,UZ 100742 Tashkent Port Martha,,,,,,,,,,,,,,,100742,Unknown,Unknown
744,Jonathan Stevens ,18,Male,70.0,Unknown,Andreafurt,Unknown,1992-01-28 00:00:00,Unknown,0.0,active,0.0,excellent,214.0,2013-06-26 00:41:00,"Courtneyport 16-kv, dom 13, Tashkent","['course', 'benefit']",1.0,1.0,2.0,"['choose', 'their']",1.0,1187.0,1136.0,laptop,Dell,2024.0,phone,Samsung,2019.0,Unknown,Tashkent,Unknown
745,Lisa Murphy,21,Unknown,74.0,+15024547420,East Lauren,michaelwalker@erickson-martin.biz,1983-09-19 00:00:00,Unknown,61.0,active,0.0,good,76.0,1972-12-05 00:00:00,"13169 Davis Knolls, Castroland","['player', 'daughter']",4.0,4.0,1.0,"['light', 'as']",0.0,536.0,1001.0,laptop,Dell,2022.0,phone,Xiaomi,2021.0,13169,Castroland,Unknown
746,Sherri Alexander,21,Unknown,57.0,+2154904363,Brownchester,pattersonmarie@yahoo.com,2010-02-18 00:00:00,Data Science,0.0,inactive,0.0,good,18500.0,1990-11-11 00:00:00,"41485 Roach Park Suite 766, Joshuahaven","['learn', 'any']",2.0,5.0,3.0,"['want', 'outside']",1.0,1049.0,512.0,laptop,Lenovo,2024.0,phone,Apple,2018.0,41485,Joshuahaven,Unknown
747,Unknown,0,Male,84.0,Unknown,Sabrinamouth,austin07@compton-johnson.com,,Unknown,87.0,inactive,0.0,good,205.0,1999-10-29 00:00:00,"8768 Tracy Wall Apt. 624, North Yolanda",,,,,,,,,,,,,,,Unknown,North Yolanda,Unknown
748,Tonya Bruce,18,Unknown,63.0,Unknown,Westhaven,davidlamb@long-nunez.com,1972-07-24 00:00:00,Data Science,0.0,inactive,0.0,average,25400.0,2004-07-31 00:00:00,"Pottsstad 30-kv, dom 38, Tashkent",,,,,,,,,,,,,,,Unknown,Tashkent,Unknown
749,Jason Mack ,0,Male,74.0,+4531927531,Derekmouth,millerpatrick@leach.info,,Data Science,0.0,active,0.0,None,188.0,2000-11-11 01:10:00,"Ruthfort 25-kv, dom 28, Tashkent",,,,,,,,,,,,,,,Unknown,Tashkent,Unknown
750,Brandon Ryan ,0,Male,83.0,Unknown,Potterborough,Unknown,2008-12-27 15:44:41,Unknown,0.0,pending,0.0,good,174.0,2011-03-03 00:00:00,"5988 James Views, Mccormickhaven",,,,,,,,,,,,,,,Unknown,Mccormickhaven,Unknown
751,Unknown,20,Female,93.0,+6296121459,Alexanderview,Unknown,2014-07-31 23:32:00,Unknown,0.0,inactive,0.0,good,74.0,1986-10-21 00:00:00,UZ 100245 Tashkent New Diamond,"['land', 'break']",1.0,4.0,1.0,"['one', 'understand']",3.0,1269.0,226.0,laptop,HP,2024.0,phone,Xiaomi,2023.0,100245,Unknown,Unknown
752,Erica Stark,22,Female,0.0,Unknown,East Donald,Unknown,1981-03-03 00:00:00,Data Science,99.0,active,0.0,  excellent  ,264.0,,UZ 100332 Tashkent Kaylastad,"['agent', 'poor']",4.0,5.0,4.0,"['various', 'government']",5.0,1255.0,1382.0,laptop,Lenovo,2019.0,phone,Xiaomi,2021.0,100332,Unknown,Unknown
753,Unknown,20,Male,63.0,+4162379974,Port Christopherside,Unknown,2015-12-12 00:00:00,Unknown,0.0,inactive,3.19,good,164.0,2018-01-30 06:48:00,"South Juliaburgh 19-kv, dom 9, Tashkent",,,,,,,,,,,,,,,Unknown,Tashkent,Unknown
754,Sarah Herrera ,18,Male,0.0,+5579072856,Port Elizabethshire,Unknown,2015-12-02 00:00:00,Data Science,0.0,inactive,0.0,  excellent  ,95.0,2000-08-01 00:00:00,UZ 100158 Tashkent Katherinechester,,,,,,,,,,,,,,,100158,Unknown,Unknown
755,Rebecca Williams,22,Female,57.0,+8988574205,South Joshuaburgh,Unknown,1981-05-05 22:20:00,Data Science,0.0,active,0.0,excellent,13900.0,1977-10-17 00:00:00,"East John 7-kv, dom 28, Tashkent","['blood', 'general']",5.0,4.0,3.0,"['however', 'door']",3.0,374.0,370.0,laptop,Dell,2018.0,phone,Apple,2021.0,Unknown,Tashkent,Unknown
756,Unknown,19,Female,68.0,+7840224979,Ballardstad,Unknown,2008-02-11 00:00:00,Unknown,0.0,active,0.0,None,18100.0,2008-03-19 13:45:07,UZ 100780 Tashkent Lake Timothy,"['whether', 'size']",1.0,5.0,4.0,"['art', 'share']",4.0,716.0,1323.0,laptop,Dell,2024.0,phone,Xiaomi,2019.0,100780,Unknown,Unknown
757,Unknown,19,Male,92.0,Unknown,Port Vickie,Unknown,1994-07-24 00:00:00,Unknown,0.0,inactive,0.0,excellent,178.0,1979-07-16 00:00:00,"BROKEN,ADDRESS,DATA,,,","['product', 'class']",3.0,4.0,2.0,"['heart', 'office']",4.0,1131.0,694.0,laptop,HP,2023.0,phone,Samsung,2020.0,Unknown,Unknown,Unknown
758,Kevin Chavez ,20,Male,0.0,Unknown,Paultown,Unknown,,Unknown,92.0,active,0.0,None,118.0,1979-08-03 00:00:00,"38279 Johnson Junctions Apt. 058, Hopkinsshire","['often', 'seat']",4.0,3.0,2.0,"['issue', 'beat']",1.0,799.0,686.0,laptop,Dell,2018.0,phone,Xiaomi,2019.0,38279,Hopkinsshire,Unknown
759,Leslie Hubbard,21,Unknown,0.0,+4131581431,Lake Jonport,harpersharon@yahoo.com,1971-12-17 00:00:00,Data Science,0.0,pending,0.0,good,117.0,1995-12-08 00:00:00,"58426 James Burg, Markmouth",,,,,,,,,,,,,,,58426,Markmouth,Unknown
760,Tracey Fields,18,Male,87.0,+3891033742,East Jonathanbury,Unknown,2006-03-05 00:00:00,Unknown,0.0,pending,3.99,average,195.0,1998-12-16 00:00:00,"74126 Smith Drives, North Geoffreyburgh",,,,,,,,,,,,,,,74126,North Geoffreyburgh,Unknown
761,Unknown,18,Male,0.0,+17924146936,Clarkport,mackenzie10@gmail.com,2011-04-10 17:37:29,Python,0.0,inactive,0.0,  excellent  ,6200.0,1978-08-18 00:00:00,"18410 Richard Orchard Suite 816, Charlesside",,,,,,,,,,,,,,,18410,Charlesside,Unknown
762,William Stewart,22,Female,0.0,Unknown,Evansmouth,Unknown,2019-12-16 07:48:05,Python,95.0,pending,0.0,  excellent  ,15900.0,1978-02-20 00:00:00,"Apartment 32, Lake Christopher district, Tashkent, UZ, 100248","['whose', 'floor']",1.0,4.0,2.0,"['clearly', 'game']",5.0,513.0,1236.0,laptop,Dell,2023.0,phone,Xiaomi,2019.0,100248,Tashkent, Lake Christopher district
763,Unknown,20,Male,94.0,Unknown,East Jenniferton,Unknown,2016-09-29 00:00:00,Unknown,0.0,inactive,0.0,  excellent  ,233.0,1983-06-23 00:00:00,"03154 Jessica Islands Apt. 709, New Kennethton","['society', 'money']",4.0,5.0,2.0,"['such', 'seem']",4.0,1284.0,622.0,laptop,Dell,2021.0,phone,Apple,2022.0,03154,New Kennethton,Unknown
764,Unknown,19,Female,0.0,Unknown,West Jessicafort,james82@smith.com,2014-07-07 06:59:14,Data Science,0.0,active,0.0,excellent,25100.0,2002-06-19 00:00:00,UZ 100103 Tashkent East Amberburgh,"['ask', 'threat']",3.0,3.0,3.0,"['ok', 'they']",2.0,1394.0,909.0,laptop,Lenovo,2023.0,phone,Xiaomi,2018.0,100103,Unknown,Unknown
765,Tammy Garcia,18,Unknown,0.0,Unknown,South Dorischester,Unknown,2010-04-24 00:00:00,Unknown,0.0,pending,0.0,excellent,197.0,2005-12-10 00:00:00,"57963 Rachel Lock, Kevinhaven","['mind', 'even']",2.0,3.0,4.0,"['reduce', 'learn']",1.0,483.0,213.0,laptop,HP,2018.0,phone,Apple,2021.0,57963,Kevinhaven,Unknown
766,Mr. Andre Miller ,21,Female,0.0,+0763151587,Garrettstad,Unknown,1973-06-17 06:27:00,Data Science,65.0,inactive,0.0,excellent,60.0,1990-12-29 00:00:00,UZ 100834 Tashkent South Kathrynberg,,,,,,,,,,,,,,,100834,Unknown,Unknown
767,Angelica Holmes,20,Male,0.0,Unknown,Lake Matthew,Unknown,2008-07-04 00:00:00,Unknown,75.0,inactive,0.0,good,188.0,,"Apartment 39, Williamsshire district, Tashkent, UZ, 100365",,,,,,,,,,,,,,,100365,Tashkent, Williamsshire district
768,Jonathan Doyle ,0,Female,76.0,+0017536577382,Walkerhaven,ericray@yahoo.com,,Unknown,0.0,active,0.0,average,123.0,2024-08-03 00:00:00,"BROKEN,ADDRESS,DATA,,,",,,,,,,,,,,,,,,Unknown,Unknown,Unknown
769,Unknown,0,Unknown,0.0,Unknown,Saraville,Unknown,2012-08-16 21:43:55,Unknown,0.0,inactive,1.54,good,27900.0,1991-12-10 00:00:00,"East Alexchester 14-kv, dom 31, Tashkent","['test', 'reveal']",1.0,1.0,4.0,"['national', 'but']",4.0,404.0,737.0,laptop,Lenovo,2023.0,phone,Apple,2023.0,Unknown,Tashkent,Unknown
770,Gene Gill,20,Female,55.0,+8740833901,Port Angelberg,angeladavis@crawford.org,2024-11-23 08:36:44,Unknown,0.0,inactive,0.0,good,299.0,1985-04-24 11:22:00,UZ 100052 Tashkent Samanthatown,"['money', 'expect']",2.0,3.0,2.0,"['paper', 'bit']",1.0,376.0,1305.0,laptop,HP,2016.0,phone,Samsung,2021.0,100052,Unknown,Unknown
771,Unknown,21,Male,0.0,+4279769186,Jenniferburgh,Unknown,1996-09-29 00:00:00,Data Science,0.0,active,0.0,average,184.0,1993-12-02 22:20:25,"Pamelaburgh 11-kv, dom 21, Tashkent",,,,,,,,,,,,,,,Unknown,Tashkent,Unknown
772,Christopher Sullivan ,20,Female,77.0,+4353459683,Joshuaside,hunter62@vazquez-lewis.com,1988-10-16 00:00:00,Python,0.0,active,0.0,excellent,296.0,1991-02-09 20:50:41,UZ 100672 Tashkent East Jacobshire,"['short', 'number']",3.0,1.0,5.0,"['occur', 'open']",5.0,1495.0,772.0,laptop,Lenovo,2024.0,phone,Xiaomi,2023.0,100672,Unknown,Unknown
773,Tracy Austin,0,Male,0.0,Unknown,South Ivanburgh,Unknown,1980-01-31 23:10:42,Unknown,0.0,inactive,0.0,None,109.0,,UZ 100291 Tashkent West Andrew,,,,,,,,,,,,,,,100291,Unknown,Unknown
774,Kristina Anderson ,18,Female,89.0,Unknown,East Jill,jake25@mcgee.com,1991-04-21 04:36:49,Data Science,79.0,inactive,0.0,excellent,8500.0,1994-03-13 11:19:00,"BROKEN,ADDRESS,DATA,,,","['ever', 'down']",4.0,2.0,2.0,"['turn', 'gun']",3.0,362.0,641.0,laptop,Dell,2018.0,phone,Xiaomi,2023.0,Unknown,Unknown,Unknown
775,Chelsea Thompson,18,Unknown,0.0,+7465843276,Claystad,Unknown,2021-05-13 00:00:00,Data Science,0.0,inactive,0.0,good,239.0,1996-02-16 00:11:40,UZ 100223 Tashkent North Julie,"['from', 'already']",4.0,2.0,3.0,"['magazine', 'place']",5.0,1061.0,281.0,laptop,Dell,2021.0,phone,Samsung,2022.0,100223,Unknown,Unknown
776,Madison James,0,Female,73.0,+0075980702,East Dylan,Unknown,2007-11-01 17:58:00,Unknown,0.0,inactive,0.0,good,265.0,1998-04-22 14:38:00,"BROKEN,ADDRESS,DATA,,,","['paper', 'chance']",3.0,3.0,1.0,"['economy', 'let']",0.0,773.0,1052.0,laptop,Lenovo,2024.0,phone,Xiaomi,2019.0,Unknown,Unknown,Unknown
777,Adam Barnes ,20,Female,0.0,+1169406186,Lake Nicoleton,jeffrey42@kelly.com,2024-01-25 07:14:00,Data Science,93.0,pending,0.0,  excellent  ,176.0,,"10288 Charles Expressway, Davidshire",,,,,,,,,,,,,,,10288,Davidshire,Unknown
778,Tony Holland,20,Male,0.0,Unknown,Heathermouth,melissa71@yahoo.com,1998-07-08 00:00:00,Data Science,84.0,active,0.0,excellent,26000.0,1978-01-09 09:40:35,"0850 Norma Manor Apt. 789, Port Aprilshire",,,,,,,,,,,,,,,Unknown,Port Aprilshire,Unknown
779,Unknown,20,Female,89.0,Unknown,North Jennifer,Unknown,,Data Science,98.0,active,0.0,  excellent  ,78.0,,"Lake Katherine 9-kv, dom 42, Tashkent","['forget', 'capital']",3.0,3.0,5.0,"['memory', 'reveal']",3.0,606.0,211.0,laptop,Dell,2017.0,phone,Xiaomi,2021.0,Unknown,Tashkent,Unknown
780,Elizabeth Carrillo ,21,Unknown,89.0,+7270431621,Ayalaport,Unknown,2020-04-28 00:00:00,Unknown,69.0,active,0.0,  excellent  ,164.0,2009-06-19 12:52:45,"Apartment 23, East Matthew district, Tashkent, UZ, 100465",,,,,,,,,,,,,,,100465,Tashkent, East Matthew district
781,Abigail Miller ,0,Female,65.0,+7558557960,West Carl,Unknown,1997-05-03 00:00:00,Unknown,0.0,pending,0.0,average,276.0,,"South Jennifer 6-kv, dom 50, Tashkent","['fine', 'traditional']",5.0,2.0,3.0,"['seven', 'guess']",0.0,547.0,1304.0,laptop,Lenovo,2019.0,phone,Xiaomi,2022.0,Unknown,Tashkent,Unknown
782,Erika Thompson,0,Male,72.0,+3253486105,New Donborough,Unknown,1976-03-14 00:00:00,Unknown,0.0,pending,0.0,average,238.0,1988-06-23 00:00:00,"BROKEN,ADDRESS,DATA,,,",,,,,,,,,,,,,,,Unknown,Unknown,Unknown
783,Richard Powell ,18,Unknown,69.0,Unknown,Jameschester,Unknown,,Data Science,0.0,inactive,0.0,good,73.0,1973-07-25 00:00:00,"Apartment 9, Christinastad district, Tashkent, UZ, 100084","['along', 'staff']",1.0,3.0,5.0,"['energy', 'outside']",0.0,524.0,1011.0,laptop,Dell,2017.0,phone,Apple,2021.0,100084,Tashkent, Christinastad district
784,Howard Frank ,0,Unknown,0.0,+1602992499,New Shelia,Unknown,1996-03-16 00:00:00,Unknown,0.0,inactive,0.0,excellent,298.0,2008-11-19 00:00:00,UZ 100325 Tashkent Michaelland,"['ball', 'suddenly']",3.0,2.0,4.0,"['future', 'out']",0.0,1069.0,255.0,laptop,HP,2022.0,phone,Xiaomi,2021.0,100325,Unknown,Unknown
785,Unknown,21,Unknown,59.0,+1237534701,Morrisstad,Unknown,1982-04-27 00:00:00,Unknown,0.0,active,0.0,None,147.0,,"033 Stewart Lights Suite 397, South Courtneymouth","['organization', 'near']",1.0,3.0,4.0,"['share', 'interest']",4.0,1393.0,672.0,laptop,Dell,2015.0,phone,Xiaomi,2022.0,Unknown,South Courtneymouth,Unknown
786,Unknown,20,Female,76.0,Unknown,Jonathanchester,cortezholly@yahoo.com,,Unknown,61.0,pending,0.0,None,128.0,,"697 Debbie Neck Suite 615, Fosterside",,,,,,,,,,,,,,,Unknown,Fosterside,Unknown
787,Bradley Schwartz ,22,Unknown,92.0,+8081435711,South Jacquelinemouth,jeanette11@smith.com,1995-11-26 00:00:00,Unknown,0.0,pending,0.0,average,244.0,2011-07-02 00:00:00,"BROKEN,ADDRESS,DATA,,,","['several', 'practice']",5.0,5.0,4.0,"['strategy', 'hear']",3.0,757.0,1335.0,laptop,Dell,2018.0,phone,Xiaomi,2020.0,Unknown,Unknown,Unknown
788,Michelle Jones ,0,Female,79.0,+4058632330,Anthonyshire,Unknown,,Unknown,94.0,inactive,0.0,None,65.0,2000-06-01 00:00:00,UZ 100501 Tashkent Ochoahaven,"['nice', 'last']",5.0,3.0,5.0,"['avoid', 'include']",2.0,829.0,631.0,laptop,HP,2019.0,phone,Samsung,2022.0,100501,Unknown,Unknown
789,Bradley Hawkins ,22,Unknown,71.0,+16185205972,East Sarahport,vazquezjessica@gmail.com,2004-04-14 23:11:00,Unknown,0.0,active,0.0,excellent,237.0,1993-01-30 02:39:27,"3626 Joseph Bridge, Port Rebecca",,,,,,,,,,,,,,,Unknown,Port Rebecca,Unknown
790,Edward Holmes,21,Female,51.0,Unknown,East Deborahview,Unknown,2012-10-22 00:00:00,Unknown,0.0,inactive,0.0,average,184.0,2016-12-09 23:58:10,"Apartment 2, North Melissafort district, Tashkent, UZ, 100116","['establish', 'evidence']",1.0,5.0,4.0,"['color', 'main']",2.0,1287.0,408.0,laptop,Lenovo,2019.0,phone,Apple,2022.0,100116,Tashkent, North Melissafort district
791,Tyler Burke ,0,Unknown,95.0,Unknown,South Jeremy,Unknown,1984-06-08 00:00:00,Python,0.0,inactive,0.0,None,276.0,1976-04-26 00:00:00,"South Michellestad 28-kv, dom 8, Tashkent","['out', 'art']",1.0,3.0,4.0,"['affect', 'prepare']",3.0,558.0,689.0,laptop,Dell,2018.0,phone,Xiaomi,2024.0,Unknown,Tashkent,Unknown
792,Unknown,0,Female,0.0,+0011991897524,Danaburgh,Unknown,1982-07-29 00:00:00,Unknown,0.0,pending,0.0,  excellent  ,201.0,1997-01-31 00:00:00,UZ 100432 Tashkent Angelaberg,"['upon', 'education']",5.0,4.0,5.0,"['data', 'technology']",0.0,1399.0,1094.0,laptop,Lenovo,2022.0,phone,Apple,2018.0,100432,Unknown,Unknown
793,Alexander Baird,20,Unknown,88.0,Unknown,Rickyland,Unknown,1993-05-04 08:28:16,Unknown,0.0,pending,0.0,None,92.0,2018-07-19 00:00:00,"BROKEN,ADDRESS,DATA,,,","['ago', 'the']",2.0,2.0,4.0,"['throughout', 'last']",5.0,1117.0,593.0,laptop,HP,2023.0,phone,Apple,2024.0,Unknown,Unknown,Unknown
794,Unknown,18,Male,70.0,+0206021317,West Angelastad,Unknown,1974-10-30 12:21:00,Data Science,0.0,inactive,0.0,excellent,236.0,1989-12-24 00:00:00,"Apartment 42, New Fernando district, Tashkent, UZ, 100031","['avoid', 'happen']",4.0,4.0,2.0,"['choice', 'prove']",3.0,881.0,297.0,laptop,Dell,2019.0,phone,Samsung,2021.0,100031,Tashkent, New Fernando district
795,Unknown,20,Female,0.0,+16121529772,East Jo,Unknown,2025-04-23 00:00:00,Data Science,0.0,active,0.0,None,242.0,2020-04-03 00:00:00,"Stephaniebury 3-kv, dom 8, Tashkent","['from', 'fall']",1.0,2.0,2.0,"['assume', 'late']",1.0,454.0,658.0,laptop,Dell,2024.0,phone,Apple,2018.0,Unknown,Tashkent,Unknown
796,Unknown,0,Female,0.0,+9342938606,Port John,Unknown,1984-06-16 00:00:00,Unknown,0.0,pending,0.0,good,163.0,2021-08-30 18:23:53,"BROKEN,ADDRESS,DATA,,,","['fact', 'boy']",2.0,5.0,5.0,"['newspaper', 'look']",2.0,1337.0,528.0,laptop,HP,2018.0,phone,Apple,2020.0,Unknown,Unknown,Unknown
797,Grant Oneill ,21,Female,0.0,+14076368425,Mcmillanview,Unknown,,Unknown,0.0,inactive,0.0,good,84.0,2019-05-16 01:21:00,UZ 100895 Tashkent West Jessicaview,"['table', 'least']",2.0,5.0,2.0,"['believe', 'stock']",1.0,1214.0,592.0,laptop,HP,2017.0,phone,Xiaomi,2019.0,100895,Unknown,Unknown
798,Unknown,19,Female,92.0,+3939922626,Kerrymouth,Unknown,,Unknown,0.0,inactive,0.0,  excellent  ,295.0,2023-12-10 17:59:07,"01332 Gordon Ford Apt. 639, East Pamelachester","['at', 'word']",5.0,1.0,5.0,"['occur', 'training']",0.0,373.0,699.0,laptop,HP,2021.0,phone,Samsung,2023.0,01332,East Pamelachester,Unknown
799,Linda Hernandez ,19,Female,61.0,Unknown,New Kylefort,Unknown,2004-09-25 04:34:00,Unknown,0.0,active,0.0,excellent,75.0,1977-12-31 12:06:52,"BROKEN,ADDRESS,DATA,,,","['continue', 'everybody']",5.0,5.0,4.0,"['others', 'actually']",1.0,1008.0,679.0,laptop,Dell,2015.0,phone,Xiaomi,2022.0,Unknown,Unknown,Unknown
800,Jeffrey Jones,0,Female,71.0,+8511048595,North Lindaton,Unknown,1984-08-11 04:13:00,Unknown,74.0,inactive,0.0,average,184.0,1998-02-26 00:00:00,"West Anthony 17-kv, dom 21, Tashkent",,,,,,,,,,,,,,,Unknown,Tashkent,Unknown
801,Unknown,19,Female,76.0,+0016571719683,Bakertown,Unknown,1997-07-30 15:21:00,Unknown,64.0,inactive,0.0,good,77.0,1976-07-18 00:00:00,"Apartment 25, New Jerry district, Tashkent, UZ, 100509","['middle', 'card']",1.0,5.0,5.0,"['really', 'eye']",5.0,1041.0,306.0,laptop,HP,2016.0,phone,Xiaomi,2020.0,100509,Tashkent, New Jerry district
802,Debra Wade ,20,Male,97.0,+0078139193,West Cynthiafurt,Unknown,2025-10-28 02:46:41,Python,0.0,pending,0.0,good,143.0,,"BROKEN,ADDRESS,DATA,,,","['star', 'above']",5.0,2.0,5.0,"['deal', 'each']",5.0,509.0,343.0,laptop,HP,2016.0,phone,Samsung,2018.0,Unknown,Unknown,Unknown
803,Michael Pacheco,18,Male,0.0,Unknown,Daviesland,Unknown,1972-05-19 00:00:00,Unknown,85.0,inactive,0.0,good,243.0,1987-04-07 00:00:00,"BROKEN,ADDRESS,DATA,,,",,,,,,,,,,,,,,,Unknown,Unknown,Unknown
804,Erika Hardy ,20,Unknown,82.0,+9957655179,North Dennis,Unknown,1996-08-30 00:00:00,Data Science,0.0,inactive,0.0,None,8800.0,1993-02-24 00:00:00,UZ 100460 Tashkent Nicholasport,,,,,,,,,,,,,,,100460,Unknown,Unknown
805,Lisa Gibson ,0,Unknown,70.0,Unknown,Lake Allisonport,kelleywanda@yahoo.com,2003-01-20 00:00:00,Unknown,89.0,active,0.0,good,187.0,,"Kristinabury 6-kv, dom 7, Tashkent","['five', 'the']",3.0,3.0,4.0,"['pay', 'attention']",1.0,987.0,601.0,laptop,HP,2024.0,phone,Xiaomi,2022.0,Unknown,Tashkent,Unknown
806,Unknown,19,Female,68.0,+2629356533,South Juliehaven,Unknown,2019-05-29 00:00:00,Data Science,0.0,inactive,0.0,average,296.0,1977-01-27 16:13:00,UZ 100501 Tashkent Jeffreyhaven,,,,,,,,,,,,,,,100501,Unknown,Unknown
807,Unknown,22,Female,0.0,+12367945761,Port Sarah,kenneth39@anthony.info,1984-01-28 00:00:00,Data Science,0.0,inactive,0.0,None,113.0,,UZ 100749 Tashkent Angieborough,"['treatment', 'medical']",1.0,2.0,3.0,"['reach', 'unit']",1.0,1437.0,1091.0,laptop,Dell,2019.0,phone,Samsung,2024.0,100749,Unknown,Unknown
808,Sharon Moore ,20,Unknown,0.0,+1692402387,Albertshire,Unknown,2019-01-26 00:00:00,Data Science,0.0,active,0.0,excellent,252.0,1984-12-26 14:43:24,"Apartment 44, North James district, Tashkent, UZ, 100181","['nothing', 'machine']",5.0,4.0,1.0,"['night', 'rather']",2.0,1220.0,1068.0,laptop,Dell,2024.0,phone,Apple,2018.0,100181,Tashkent, North James district
809,Amber Kelly ,20,Male,0.0,Unknown,Port Jerry,Unknown,2017-01-01 00:00:00,Unknown,0.0,pending,4.03,average,292.0,2017-09-08 01:33:00,"BROKEN,ADDRESS,DATA,,,","['method', 'within']",3.0,5.0,1.0,"['put', 'leg']",4.0,734.0,1405.0,laptop,Lenovo,2024.0,phone,Apple,2023.0,Unknown,Unknown,Unknown
810,Jennifer English ,0,Male,0.0,Unknown,Port Joshua,Unknown,2019-09-03 19:30:30,Unknown,90.0,inactive,0.0,None,109.0,2007-11-21 13:42:05,"Apartment 17, Port Brandi district, Tashkent, UZ, 100041","['property', 'resource']",2.0,3.0,5.0,"['behavior', 'situation']",4.0,682.0,1487.0,laptop,Dell,2023.0,phone,Xiaomi,2020.0,100041,Tashkent, Port Brandi district
811,Crystal King ,18,Unknown,0.0,+5384351329,New Taylorchester,jennakeller@yahoo.com,,Unknown,0.0,pending,0.0,good,12900.0,1982-12-09 05:21:06,UZ 100887 Tashkent Port Brendafurt,"['suffer', 'fight']",2.0,1.0,2.0,"['head', 'always']",5.0,1440.0,1458.0,laptop,HP,2020.0,phone,Apple,2019.0,100887,Unknown,Unknown
812,Unknown,22,Male,0.0,Unknown,Port Brianside,Unknown,,Unknown,0.0,inactive,0.0,average,52.0,2005-07-06 00:00:00,"Apartment 14, East Monica district, Tashkent, UZ, 100389","['teacher', 'tell']",2.0,4.0,5.0,"['research', 'under']",5.0,357.0,805.0,laptop,Lenovo,2019.0,phone,Apple,2022.0,100389,Tashkent, East Monica district
813,Aaron Webster,20,Unknown,84.0,+5866642250,West Donna,Unknown,1993-09-02 02:08:00,Python,0.0,pending,0.0,good,203.0,,"BROKEN,ADDRESS,DATA,,,","['rate', 'she']",3.0,3.0,1.0,"['important', 'various']",1.0,693.0,463.0,laptop,Lenovo,2023.0,phone,Samsung,2021.0,Unknown,Unknown,Unknown
814,Steven Kelley ,0,Female,0.0,Unknown,East Amandachester,Unknown,1980-05-22 00:00:00,Python,65.0,active,0.0,  excellent  ,223.0,1982-11-20 18:43:00,"BROKEN,ADDRESS,DATA,,,",,,,,,,,,,,,,,,Unknown,Unknown,Unknown
815,Unknown,0,Female,83.0,+2390415612,North Josephfort,chahn@graves.com,1998-01-17 23:19:00,Data Science,0.0,active,3.69,average,107.0,2023-04-15 21:13:03,"BROKEN,ADDRESS,DATA,,,",,,,,,,,,,,,,,,Unknown,Unknown,Unknown
816,Michelle Rodriguez ,18,Female,93.0,+1160567814,West Deanna,Unknown,2010-06-14 00:00:00,Unknown,0.0,inactive,0.0,excellent,244.0,1989-09-25 00:00:00,"BROKEN,ADDRESS,DATA,,,",,,,,,,,,,,,,,,Unknown,Unknown,Unknown
817,Joshua Munoz ,0,Female,0.0,+5787908153,West Margaretchester,wchan@hotmail.com,2005-01-29 00:00:00,Unknown,0.0,active,3.24,average,10100.0,,"Apartment 48, Williamton district, Tashkent, UZ, 100704",,,,,,,,,,,,,,,100704,Tashkent, Williamton district
818,Randy Hogan,19,Female,0.0,Unknown,New Laura,bennettdonna@moore.info,1991-07-19 13:36:19,Unknown,91.0,active,0.0,average,261.0,2021-11-08 09:20:54,"BROKEN,ADDRESS,DATA,,,","['education', 'police']",4.0,5.0,2.0,"['last', 'year']",5.0,1262.0,656.0,laptop,Lenovo,2022.0,phone,Samsung,2018.0,Unknown,Unknown,Unknown
819,Thomas Rogers ,20,Female,0.0,+2262674539,Sandramouth,Unknown,1970-06-13 00:00:00,Unknown,0.0,pending,0.0,good,85.0,1995-11-10 00:00:00,"Christineview 27-kv, dom 19, Tashkent","['leave', 'address']",4.0,2.0,5.0,"['attack', 'surface']",0.0,609.0,212.0,laptop,HP,2016.0,phone,Samsung,2018.0,Unknown,Tashkent,Unknown
820,Unknown,0,Unknown,82.0,+9711114927,Scotthaven,Unknown,,Data Science,0.0,inactive,4.0,  excellent  ,234.0,1972-06-06 08:39:43,"Apartment 19, Larryland district, Tashkent, UZ, 100863",,,,,,,,,,,,,,,100863,Tashkent, Larryland district
821,Unknown,0,Female,80.0,Unknown,East Melissa,tuckerjeremy@giles.net,1991-11-05 00:00:00,Data Science,0.0,active,0.0,average,20800.0,1995-11-22 00:00:00,"156 Mack Ports, Floresbury",,,,,,,,,,,,,,,Unknown,Floresbury,Unknown
822,Sandra Allen,0,Female,0.0,+8453138332,New Joseph,Unknown,,Python,0.0,inactive,0.0,  excellent  ,25800.0,2022-12-02 17:50:40,"West Mark 17-kv, dom 41, Tashkent",,,,,,,,,,,,,,,Unknown,Tashkent,Unknown
823,Grace Russell ,20,Female,95.0,Unknown,North James,kellyromero@mccoy.biz,2009-07-17 00:00:00,Unknown,0.0,pending,0.0,good,250.0,1977-11-12 00:00:00,"0473 Hess Dam Suite 547, South Charles",,,,,,,,,,,,,,,Unknown,South Charles,Unknown
824,Unknown,0,Male,0.0,Unknown,Port Nathan,Unknown,2011-07-29 13:34:00,Unknown,0.0,inactive,0.0,  excellent  ,158.0,,"BROKEN,ADDRESS,DATA,,,","['Republican', 'dark']",3.0,5.0,5.0,"['each', 'focus']",5.0,625.0,1472.0,laptop,HP,2020.0,phone,Apple,2024.0,Unknown,Unknown,Unknown
825,Elizabeth Hawkins,22,Female,90.0,Unknown,East Alicia,Unknown,2015-04-20 00:00:00,Unknown,0.0,active,0.0,average,23900.0,1974-12-25 00:00:00,"Lake Annafurt 16-kv, dom 40, Tashkent",,,,,,,,,,,,,,,Unknown,Tashkent,Unknown
826,Unknown,21,Male,0.0,Unknown,Youngmouth,Unknown,1980-11-20 00:00:00,Unknown,0.0,inactive,0.0,None,270.0,1991-05-20 00:00:00,"BROKEN,ADDRESS,DATA,,,",,,,,,,,,,,,,,,Unknown,Unknown,Unknown
827,Douglas Matthews ,19,Female,0.0,+3919968082,Lake Donnaland,kevin36@yahoo.com,1984-09-26 10:03:00,Unknown,0.0,active,1.59,None,22900.0,1991-02-16 04:17:00,"BROKEN,ADDRESS,DATA,,,","['both', 'believe']",4.0,5.0,2.0,"['the', 'culture']",3.0,924.0,769.0,laptop,Lenovo,2018.0,phone,Samsung,2022.0,Unknown,Unknown,Unknown
828,Christian Butler,22,Male,71.0,Unknown,Lake Christophermouth,Unknown,2000-09-20 05:52:00,Unknown,0.0,active,0.0,excellent,299.0,1975-06-15 00:00:00,UZ 100216 Tashkent Johnchester,"['next', 'improve']",1.0,2.0,1.0,"['organization', 'catch']",5.0,356.0,313.0,laptop,Lenovo,2018.0,phone,Apple,2022.0,100216,Unknown,Unknown
829,Unknown,18,Unknown,0.0,Unknown,New Diane,Unknown,,Unknown,0.0,active,0.0,good,242.0,2016-04-25 15:12:40,"Lake Danielview 16-kv, dom 13, Tashkent","['night', 'officer']",4.0,5.0,3.0,"['relate', 'soldier']",0.0,1467.0,1312.0,laptop,HP,2019.0,phone,Xiaomi,2018.0,Unknown,Tashkent,Unknown
830,Kevin Hayes,20,Male,0.0,Unknown,South Amanda,tfisher@hotmail.com,2008-10-10 00:00:00,Data Science,0.0,active,0.0,good,156.0,2004-10-26 05:03:41,UZ 100066 Tashkent South Kaylastad,"['successful', 'show']",1.0,2.0,2.0,"['hit', 'together']",2.0,1335.0,309.0,laptop,HP,2019.0,phone,Xiaomi,2020.0,100066,Unknown,Unknown
831,Unknown,0,Male,0.0,+12616137847,West Christopherside,pday@hernandez.com,1992-09-16 00:00:00,Python,0.0,pending,0.0,None,92.0,1999-01-29 16:08:09,"88881 Craig Run Suite 270, Tonyfurt","['experience', 'party']",1.0,1.0,2.0,"['size', 'laugh']",2.0,517.0,535.0,laptop,HP,2021.0,phone,Xiaomi,2020.0,88881,Tonyfurt,Unknown
832,Carrie Gonzales ,0,Female,0.0,Unknown,Brandonshire,Unknown,1979-03-15 00:00:00,Unknown,0.0,pending,0.0,None,24200.0,1984-11-25 00:00:00,"BROKEN,ADDRESS,DATA,,,","['race', 'big']",4.0,5.0,4.0,"['goal', 'skill']",1.0,943.0,974.0,laptop,Dell,2019.0,phone,Samsung,2019.0,Unknown,Unknown,Unknown
833,Lauren Briggs ,20,Unknown,92.0,Unknown,Lake Jessica,Unknown,,Unknown,0.0,pending,0.0,  excellent  ,88.0,1992-07-28 04:15:23,"408 Dawn Drives, Lake Richard","['strategy', 'effect']",2.0,5.0,1.0,"['reduce', 'election']",1.0,647.0,1099.0,laptop,Lenovo,2016.0,phone,Xiaomi,2020.0,Unknown,Lake Richard,Unknown
834,Megan Roberts,21,Male,65.0,+4067595558,Bentonberg,Unknown,1989-09-04 00:00:00,Unknown,0.0,inactive,0.0,average,200.0,1983-09-11 00:00:00,"Apartment 11, North John district, Tashkent, UZ, 100241","['indicate', 'available']",3.0,2.0,3.0,"['choose', 'evidence']",4.0,1417.0,483.0,laptop,Lenovo,2022.0,phone,Xiaomi,2024.0,100241,Tashkent, North John district
835,Tiffany Beard ,0,Female,99.0,Unknown,Susanchester,Unknown,,Unknown,0.0,active,0.0,average,111.0,2003-07-05 00:00:00,"BROKEN,ADDRESS,DATA,,,",,,,,,,,,,,,,,,Unknown,Unknown,Unknown
836,April Bryant,20,Male,0.0,+8376267959,Joelhaven,Unknown,,Data Science,0.0,pending,1.49,None,13700.0,1974-03-13 20:49:00,"BROKEN,ADDRESS,DATA,,,",,,,,,,,,,,,,,,Unknown,Unknown,Unknown
837,Terry James,18,Unknown,74.0,Unknown,Josephburgh,Unknown,1979-05-06 07:09:48,Unknown,0.0,inactive,0.0,excellent,105.0,1970-12-11 13:04:36,"Jonesport 21-kv, dom 14, Tashkent",,,,,,,,,,,,,,,Unknown,Tashkent,Unknown
838,Unknown,0,Female,0.0,Unknown,West Matthew,Unknown,1971-08-23 10:16:03,Unknown,0.0,inactive,0.0,None,240.0,2025-07-09 00:00:00,"BROKEN,ADDRESS,DATA,,,","['prepare', 'together']",5.0,2.0,1.0,"['prove', 'PM']",2.0,1153.0,761.0,laptop,HP,2021.0,phone,Apple,2021.0,Unknown,Unknown,Unknown
839,Willie Smith ,18,Male,0.0,Unknown,Daleland,nbaker@yahoo.com,1986-03-20 20:31:04,Unknown,0.0,active,0.0,good,21300.0,1995-05-10 10:19:00,"03191 Brooke Expressway, Katiemouth",,,,,,,,,,,,,,,03191,Katiemouth,Unknown
840,Ronald Wade ,0,Male,82.0,Unknown,New Kristine,Unknown,2011-03-06 00:00:00,Unknown,0.0,active,0.0,average,104.0,2012-07-06 00:00:00,"Apartment 47, Garciaborough district, Tashkent, UZ, 100793",,,,,,,,,,,,,,,100793,Tashkent, Garciaborough district
841,Unknown,20,Female,64.0,+2544281140,Frenchside,Unknown,,Data Science,100.0,active,0.0,None,109.0,2022-02-08 03:03:48,UZ 100459 Tashkent Andrewland,"['ask', 'model']",4.0,4.0,1.0,"['amount', 'try']",0.0,587.0,1190.0,laptop,Lenovo,2020.0,phone,Samsung,2022.0,100459,Unknown,Unknown
842,Jessica Schroeder,22,Female,76.0,Unknown,Blanchardhaven,morrisonchristopher@rodriguez.com,1975-02-22 00:00:00,Unknown,0.0,active,0.0,good,181.0,1981-02-13 03:39:00,UZ 100194 Tashkent North Hannahberg,,,,,,,,,,,,,,,100194,Unknown,Unknown
843,Michael Bell ,18,Unknown,80.0,+2696743191,Port Toddbury,Unknown,1995-07-15 00:00:00,Data Science,0.0,inactive,0.0,average,168.0,,"07099 Perez Forges, Joseborough",,,,,,,,,,,,,,,07099,Joseborough,Unknown
844,Amanda Diaz ,18,Female,73.0,+1655661846,North Theresa,Unknown,2004-06-20 00:00:00,Unknown,0.0,pending,0.0,None,9200.0,2013-05-09 00:00:00,"BROKEN,ADDRESS,DATA,,,","['on', 'stock']",3.0,3.0,2.0,"['seven', 'fire']",3.0,610.0,461.0,laptop,Lenovo,2022.0,phone,Samsung,2018.0,Unknown,Unknown,Unknown
845,Michael Johnson ,19,Unknown,82.0,Unknown,Randytown,nmason@hotmail.com,2019-10-24 00:00:00,Python,0.0,pending,0.0,average,11100.0,1979-05-09 00:00:00,UZ 100473 Tashkent Scottmouth,,,,,,,,,,,,,,,100473,Unknown,Unknown
846,Unknown,19,Unknown,71.0,+7542475677,Johnview,Unknown,2018-12-09 21:28:50,Data Science,0.0,pending,0.0,None,76.0,2008-03-14 00:00:00,UZ 100817 Tashkent North Kelly,"['help', 'exist']",2.0,4.0,4.0,"['player', 'store']",3.0,973.0,366.0,laptop,Dell,2015.0,phone,Xiaomi,2020.0,100817,Unknown,Unknown
847,Derrick Cain ,20,Male,0.0,Unknown,East Angela,Unknown,1990-05-16 03:17:19,Data Science,0.0,pending,0.0,excellent,290.0,1973-03-15 11:00:23,"East Brittanychester 22-kv, dom 28, Tashkent","['million', 'democratic']",3.0,3.0,2.0,"['focus', 'such']",3.0,529.0,1141.0,laptop,Dell,2022.0,phone,Xiaomi,2022.0,Unknown,Tashkent,Unknown
848,Unknown,0,Male,0.0,+3883811205,Brooksport,Unknown,1982-06-08 00:00:00,Data Science,0.0,inactive,0.0,  excellent  ,243.0,2002-05-16 22:20:00,"BROKEN,ADDRESS,DATA,,,","['consumer', 'expect']",1.0,5.0,3.0,"['suggest', 'artist']",3.0,522.0,1255.0,laptop,Lenovo,2024.0,phone,Apple,2019.0,Unknown,Unknown,Unknown
849,Steven Powell,20,Unknown,71.0,+3423057171,West Brittanybury,Unknown,2025-03-14 00:00:00,Unknown,0.0,inactive,2.89,None,188.0,2003-03-09 00:00:00,UZ 100398 Tashkent Jeremyland,"['reality', 'similar']",4.0,4.0,3.0,"['able', 'blue']",1.0,1298.0,1314.0,laptop,Dell,2024.0,phone,Xiaomi,2022.0,100398,Unknown,Unknown
850,Unknown,20,Unknown,87.0,Unknown,Paulfort,chambersjames@yahoo.com,2002-07-08 00:00:00,Python,0.0,pending,1.81,average,5000.0,,"40380 Rodriguez Harbor, New Samantha","['process', 'rather']",3.0,4.0,3.0,"['explain', 'might']",4.0,1108.0,1251.0,laptop,Lenovo,2016.0,phone,Xiaomi,2021.0,40380,New Samantha,Unknown
851,Unknown,0,Female,0.0,Unknown,Aguilarfort,dclark@hotmail.com,1976-05-27 00:00:00,Unknown,0.0,pending,0.0,  excellent  ,110.0,1974-06-21 00:00:00,"Juanburgh 25-kv, dom 35, Tashkent",,,,,,,,,,,,,,,Unknown,Tashkent,Unknown
852,Catherine Powell ,18,Unknown,0.0,+8810060039,Powellmouth,garywilson@gmail.com,2016-01-31 14:22:00,Unknown,91.0,inactive,0.0,average,158.0,,"Apartment 33, South Andrewport district, Tashkent, UZ, 100176",,,,,,,,,,,,,,,100176,Tashkent, South Andrewport district
853,Justin Garcia,20,Female,0.0,+1786845405,New Ryan,Unknown,1993-02-05 00:09:40,Unknown,0.0,pending,0.0,  excellent  ,96.0,1993-09-04 20:42:00,"Rodriguezmouth 29-kv, dom 31, Tashkent","['man', 'mission']",3.0,2.0,3.0,"['coach', 'moment']",2.0,766.0,1329.0,laptop,Lenovo,2023.0,phone,Samsung,2020.0,Unknown,Tashkent,Unknown
854,Unknown,0,Male,66.0,+3501622490,South Kristintown,thomasamanda@hotmail.com,1971-03-10 08:36:23,Data Science,0.0,pending,0.0,None,188.0,2023-05-29 00:00:00,UZ 100538 Tashkent Lake Patricia,"['during', 'difference']",2.0,5.0,1.0,"['ok', 'environmental']",4.0,770.0,294.0,laptop,Dell,2024.0,phone,Apple,2022.0,100538,Unknown,Unknown
855,Judith Williams,20,Female,0.0,+4138458795,Port Ericville,Unknown,,Unknown,0.0,pending,0.0,excellent,22700.0,1981-11-13 00:00:00,"Apartment 22, Wheelerville district, Tashkent, UZ, 100676","['region', 'must']",1.0,5.0,3.0,"['leg', 'think']",2.0,1437.0,1390.0,laptop,Lenovo,2019.0,phone,Apple,2020.0,100676,Tashkent, Wheelerville district
856,Andrea Luna,0,Male,0.0,+9060904285,Brentside,Unknown,2003-06-15 00:00:00,Unknown,0.0,inactive,0.0,excellent,16400.0,1972-04-12 06:59:13,"BROKEN,ADDRESS,DATA,,,","['station', 'son']",1.0,5.0,1.0,"['I', 'bed']",3.0,1431.0,1217.0,laptop,Dell,2021.0,phone,Samsung,2021.0,Unknown,Unknown,Unknown
857,Julia Higgins,18,Unknown,54.0,+2764342162,East Jennamouth,Unknown,1992-02-15 18:54:25,Unknown,0.0,active,0.0,good,21000.0,1997-01-21 00:00:00,UZ 100673 Tashkent Brendahaven,"['create', 'kitchen']",2.0,2.0,4.0,"['week', 'kitchen']",3.0,469.0,1117.0,laptop,Dell,2020.0,phone,Xiaomi,2020.0,100673,Unknown,Unknown
858,Hailey Porter,18,Male,90.0,+4435269877,Jacobfort,Unknown,2020-03-28 06:06:51,Unknown,69.0,inactive,0.0,average,134.0,1998-01-14 00:00:00,"Apartment 16, Heatherport district, Tashkent, UZ, 100632",,,,,,,,,,,,,,,100632,Tashkent, Heatherport district
859,Kevin King,20,Female,88.0,+15255318835,Garytown,meganobrien@brown-bartlett.org,2014-04-13 00:00:00,Python,90.0,pending,0.0,good,139.0,2006-03-20 00:00:00,"Barnettshire 20-kv, dom 48, Tashkent","['build', 'task']",1.0,2.0,5.0,"['expert', 'race']",4.0,1404.0,1152.0,laptop,Lenovo,2018.0,phone,Xiaomi,2023.0,Unknown,Tashkent,Unknown
860,Unknown,21,Unknown,50.0,Unknown,Port Rhonda,Unknown,2015-02-07 00:00:00,Unknown,0.0,active,0.0,average,18000.0,1993-04-22 07:05:04,"76896 Walker Crossroad Suite 276, Port Frederickbury",,,,,,,,,,,,,,,76896,Port Frederickbury,Unknown
861,Unknown,19,Unknown,0.0,+14848159087,New Briannaside,Unknown,2023-06-05 19:35:00,Unknown,76.0,inactive,0.0,good,87.0,1975-06-21 00:00:00,"BROKEN,ADDRESS,DATA,,,",,,,,,,,,,,,,,,Unknown,Unknown,Unknown
862,Unknown,18,Male,76.0,Unknown,Kellyport,melissa44@nelson.com,2024-10-29 00:00:00,Unknown,0.0,active,0.0,None,106.0,,"Keithville 16-kv, dom 47, Tashkent","['season', 'much']",1.0,4.0,2.0,"['spend', 'all']",3.0,1281.0,1226.0,laptop,Lenovo,2021.0,phone,Xiaomi,2024.0,Unknown,Tashkent,Unknown
863,Unknown,21,Male,84.0,Unknown,Port Thomas,Unknown,1998-05-31 03:39:00,Unknown,0.0,inactive,0.0,None,87.0,2020-11-11 12:46:00,"Benderburgh 26-kv, dom 23, Tashkent","['rate', 'start']",1.0,2.0,3.0,"['edge', 'role']",5.0,700.0,768.0,laptop,Lenovo,2020.0,phone,Xiaomi,2021.0,Unknown,Tashkent,Unknown
864,Unknown,20,Female,0.0,Unknown,East Kendraborough,edward98@yahoo.com,1989-10-02 06:49:00,Unknown,100.0,active,0.0,good,143.0,1971-04-16 00:00:00,"BROKEN,ADDRESS,DATA,,,","['believe', 'religious']",5.0,3.0,3.0,"['treat', 'civil']",3.0,828.0,775.0,laptop,Dell,2017.0,phone,Xiaomi,2022.0,Unknown,Unknown,Unknown
865,Kayla Arroyo,20,Female,0.0,+8413293989,Hicksfurt,Unknown,1995-09-23 00:00:00,Unknown,0.0,inactive,3.64,  excellent  ,157.0,2007-12-27 00:00:00,"BROKEN,ADDRESS,DATA,,,","['million', 'difference']",1.0,1.0,2.0,"['front', 'fight']",5.0,1080.0,1422.0,laptop,Lenovo,2019.0,phone,Samsung,2019.0,Unknown,Unknown,Unknown
866,Unknown,21,Unknown,0.0,Unknown,South Brandon,Unknown,1995-06-05 00:00:00,Unknown,74.0,inactive,0.0,None,18600.0,1981-10-11 00:00:00,"BROKEN,ADDRESS,DATA,,,","['fall', 'garden']",5.0,2.0,3.0,"['main', 'money']",0.0,1401.0,869.0,laptop,HP,2016.0,phone,Apple,2022.0,Unknown,Unknown,Unknown
867,Jessica Wilkinson ,22,Female,0.0,+7077851092,Clarkborough,Unknown,2025-11-08 00:00:00,Unknown,0.0,pending,0.0,average,59.0,2012-09-29 05:08:40,"North Bobby 7-kv, dom 41, Tashkent","['agent', 'provide']",4.0,3.0,1.0,"['phone', 'write']",2.0,879.0,705.0,laptop,HP,2015.0,phone,Apple,2024.0,Unknown,Tashkent,Unknown
868,Unknown,20,Female,0.0,Unknown,Meganstad,Unknown,2022-10-23 00:00:00,Unknown,0.0,inactive,0.0,excellent,22700.0,2001-01-26 00:00:00,"24542 Kirby Parks, Wilsontown",,,,,,,,,,,,,,,24542,Wilsontown,Unknown
869,Kelly Santos,19,Male,73.0,Unknown,West Raymondville,Unknown,2009-12-10 00:00:00,Unknown,0.0,inactive,0.0,  excellent  ,127.0,1986-10-02 11:14:00,"BROKEN,ADDRESS,DATA,,,","['practice', 'week']",1.0,2.0,2.0,"['to', 'dog']",0.0,200.0,419.0,laptop,Dell,2020.0,phone,Apple,2021.0,Unknown,Unknown,Unknown
870,Unknown,19,Female,87.0,+9558146166,South Christopherview,jacksonphilip@jones.info,2010-09-19 00:00:00,Python,0.0,active,0.0,None,154.0,1988-05-13 19:21:00,"Lake Kimberlyside 7-kv, dom 18, Tashkent",,,,,,,,,,,,,,,Unknown,Tashkent,Unknown
871,Sarah Juarez ,19,Female,0.0,Unknown,Anneshire,robersonrhonda@petersen.com,,Python,0.0,inactive,0.0,  excellent  ,66.0,2005-05-29 14:10:00,"8578 Carr Plains, West Erik",,,,,,,,,,,,,,,Unknown,West Erik,Unknown
872,Stephanie Anderson ,21,Unknown,0.0,+8112516010,Reedland,Unknown,2006-03-22 00:00:00,Python,0.0,pending,0.0,good,184.0,,UZ 100769 Tashkent East Jonathan,,,,,,,,,,,,,,,100769,Unknown,Unknown
873,Unknown,0,Unknown,0.0,+6544034572,New Kathleentown,Unknown,2010-06-30 00:00:00,Unknown,0.0,inactive,0.0,excellent,27000.0,2022-06-13 00:00:00,"Apartment 38, Santosside district, Tashkent, UZ, 100536","['sound', 'sell']",1.0,5.0,2.0,"['team', 'however']",0.0,637.0,1423.0,laptop,Lenovo,2022.0,phone,Samsung,2020.0,100536,Tashkent, Santosside district
874,Justin Smith,0,Unknown,0.0,Unknown,East Anita,kevin23@hotmail.com,,Data Science,0.0,active,0.0,  excellent  ,140.0,2013-12-02 23:13:25,UZ 100318 Tashkent Mcculloughview,"['movie', 'guy']",4.0,4.0,1.0,"['friend', 'gas']",1.0,613.0,385.0,laptop,HP,2023.0,phone,Apple,2019.0,100318,Unknown,Unknown
875,Karen Hall,18,Unknown,0.0,+3217188171,Lake David,Unknown,1982-10-31 00:00:00,Unknown,0.0,active,0.0,average,226.0,,"74391 Alexandra Knoll, South Taylorland","['economy', 'financial']",1.0,2.0,4.0,"['fast', 'major']",1.0,602.0,585.0,laptop,Dell,2018.0,phone,Samsung,2018.0,74391,South Taylorland,Unknown
876,Unknown,20,Male,0.0,+7028711474,Jessicamouth,hopkinsjulie@gmail.com,2015-05-24 00:00:00,Unknown,0.0,pending,0.0,  excellent  ,13900.0,2002-01-25 00:00:00,"East Brucemouth 3-kv, dom 17, Tashkent",,,,,,,,,,,,,,,Unknown,Tashkent,Unknown
877,Haley Fowler ,0,Female,0.0,+8262259854,Charleschester,alexkent@travis.com,,Unknown,0.0,active,2.52,None,195.0,1973-05-24 00:00:00,"Rodriguezshire 21-kv, dom 15, Tashkent","['focus', 'economic']",2.0,1.0,2.0,"['including', 'girl']",0.0,1335.0,616.0,laptop,Lenovo,2022.0,phone,Apple,2021.0,Unknown,Tashkent,Unknown
878,Andrea Young,0,Female,62.0,+3633650213,East Alexander,Unknown,,Unknown,0.0,active,0.0,good,219.0,1991-04-27 00:00:00,"05295 Kendra Plain, South Christinaview",,,,,,,,,,,,,,,05295,South Christinaview,Unknown
879,Yesenia Nguyen ,19,Female,77.0,+14193648953,Tylermouth,williamscarolyn@gmail.com,2011-08-22 00:00:00,Python,0.0,active,0.0,average,57.0,2005-04-02 13:45:11,"West Keith 1-kv, dom 11, Tashkent","['reach', 'direction']",3.0,3.0,2.0,"['among', 'fear']",4.0,547.0,1382.0,laptop,Dell,2017.0,phone,Xiaomi,2023.0,Unknown,Tashkent,Unknown
880,Unknown,19,Female,74.0,+9478129259,Henryburgh,chernandez@yahoo.com,1984-03-30 07:37:28,Data Science,0.0,active,0.0,None,268.0,1995-09-22 00:00:00,"BROKEN,ADDRESS,DATA,,,",,,,,,,,,,,,,,,Unknown,Unknown,Unknown
881,Jasmine Wilcox,21,Unknown,0.0,+18861195751,Claytonchester,kelsey14@yahoo.com,1970-02-05 00:00:00,Data Science,94.0,active,0.0,None,250.0,2012-05-28 22:15:05,UZ 100315 Tashkent Leahchester,"['wonder', 'camera']",3.0,2.0,4.0,"['will', 'success']",2.0,1159.0,697.0,laptop,Lenovo,2021.0,phone,Xiaomi,2019.0,100315,Unknown,Unknown
882,Eric Gonzales,21,Male,84.0,+0821728165,South Donaldtown,Unknown,2005-10-30 07:28:00,Unknown,86.0,inactive,0.0,good,152.0,1982-10-08 00:00:00,"Apartment 36, Johnsonbury district, Tashkent, UZ, 100549",,,,,,,,,,,,,,,100549,Tashkent, Johnsonbury district
883,Curtis Cox ,0,Unknown,92.0,+4364635172,Johnbury,shawna25@hotmail.com,1993-10-25 00:00:00,Python,0.0,active,0.0,excellent,91.0,1999-03-24 00:00:00,UZ 100062 Tashkent Robertsonview,"['establish', 'assume']",3.0,1.0,1.0,"['family', 'religious']",4.0,251.0,353.0,laptop,Lenovo,2022.0,phone,Xiaomi,2021.0,100062,Unknown,Unknown
884,Unknown,22,Unknown,72.0,Unknown,Hernandezville,kristincarter@willis.com,1994-07-23 11:13:29,Python,0.0,inactive,0.0,excellent,249.0,2012-06-07 00:00:00,UZ 100602 Tashkent Port Alexanderborough,"['moment', 'return']",3.0,4.0,2.0,"['base', 'with']",4.0,1165.0,653.0,laptop,HP,2022.0,phone,Apple,2018.0,100602,Unknown,Unknown
885,Mark Mccall ,19,Unknown,0.0,Unknown,Millerhaven,qvincent@gmail.com,2008-03-27 08:42:00,Unknown,0.0,active,0.0,  excellent  ,83.0,2006-07-01 09:24:00,"8483 Kenneth Harbor, West Miguelton","['something', 'not']",3.0,4.0,4.0,"['bring', 'customer']",0.0,1484.0,846.0,laptop,HP,2021.0,phone,Apple,2024.0,Unknown,West Miguelton,Unknown
886,Thomas Nelson,0,Male,0.0,+0012273549658,East Michael,Unknown,1972-09-27 00:00:00,Unknown,0.0,pending,0.0,good,88.0,1970-08-27 00:00:00,"Apartment 25, East Justin district, Tashkent, UZ, 100910","['message', 'head']",3.0,2.0,4.0,"['forward', 'capital']",3.0,1428.0,1036.0,laptop,Dell,2019.0,phone,Apple,2024.0,100910,Tashkent, East Justin district
887,Danielle Baker ,21,Unknown,97.0,+3460213140,Port Joshuabury,Unknown,2011-03-18 20:14:00,Unknown,0.0,pending,0.0,None,247.0,1978-02-14 00:00:00,"4332 Tanner Village Suite 017, East Michaelside",,,,,,,,,,,,,,,Unknown,East Michaelside,Unknown
888,John Barrera ,0,Female,74.0,+6794872404,Teresaville,Unknown,2017-10-24 17:10:37,Unknown,0.0,inactive,0.0,good,10600.0,2002-01-23 13:10:09,"699 David Valleys Apt. 047, Salasberg",,,,,,,,,,,,,,,Unknown,Salasberg,Unknown
889,Christina Harris ,18,Female,63.0,Unknown,North Thomasmouth,Unknown,1974-05-27 00:00:00,Unknown,0.0,inactive,0.0,good,202.0,1970-10-10 00:00:00,"Apartment 30, Jonathanshire district, Tashkent, UZ, 100993",,,,,,,,,,,,,,,100993,Tashkent, Jonathanshire district
890,Unknown,22,Unknown,82.0,Unknown,Lake Carrie,Unknown,1977-12-18 01:56:00,Python,0.0,active,0.0,good,82.0,1970-06-24 12:21:00,UZ 100591 Tashkent Lopezland,"['team', 'force']",1.0,4.0,3.0,"['particular', 'avoid']",1.0,951.0,1067.0,laptop,HP,2021.0,phone,Samsung,2018.0,100591,Unknown,Unknown
891,Robin Potts,18,Female,63.0,+0004440093,North Mistymouth,Unknown,2019-06-27 15:35:00,Unknown,0.0,active,0.0,  excellent  ,228.0,,"Apartment 42, North Brittany district, Tashkent, UZ, 100625","['skill', 'less']",3.0,4.0,5.0,"['friend', 'court']",5.0,1344.0,730.0,laptop,Dell,2023.0,phone,Apple,2020.0,100625,Tashkent, North Brittany district
892,David Sanders ,18,Female,65.0,+0010965546473,Shawnbury,Unknown,,Data Science,0.0,active,4.39,None,76.0,1983-09-28 16:25:06,"Robinsonland 17-kv, dom 50, Tashkent",,,,,,,,,,,,,,,Unknown,Tashkent,Unknown
893,William Kennedy ,0,Female,72.0,+5990136858,Hollymouth,Unknown,2007-01-08 00:00:00,Unknown,0.0,active,0.0,excellent,77.0,2008-03-04 00:00:00,"Apartment 28, Erinport district, Tashkent, UZ, 100647",,,,,,,,,,,,,,,100647,Tashkent, Erinport district
894,Mrs. Kristy Payne ,20,Unknown,61.0,+7389638793,New Caseyside,adamskyle@hotmail.com,2011-04-07 15:53:00,Unknown,0.0,active,0.0,average,87.0,2011-11-21 00:00:00,"Apartment 26, Penaborough district, Tashkent, UZ, 100472","['wife', 'his']",3.0,3.0,2.0,"['out', 'player']",3.0,658.0,918.0,laptop,HP,2018.0,phone,Xiaomi,2023.0,100472,Tashkent, Penaborough district
895,Brandon Miles ,18,Female,88.0,Unknown,North Laurastad,Unknown,2023-11-19 00:00:00,Unknown,83.0,active,0.0,None,264.0,1999-06-21 18:00:39,"78495 Brittany Trail, East Kendraview",,,,,,,,,,,,,,,78495,East Kendraview,Unknown
896,Melissa Cortez,21,Female,68.0,+5217949150,Port Melissaburgh,joe35@lopez-anderson.com,1988-03-31 00:00:00,Python,0.0,inactive,0.0,average,20600.0,1990-06-17 00:00:00,"BROKEN,ADDRESS,DATA,,,","['film', 'again']",5.0,3.0,1.0,"['back', 'pick']",5.0,1202.0,568.0,laptop,HP,2017.0,phone,Apple,2018.0,Unknown,Unknown,Unknown
897,Unknown,0,Female,0.0,+6411588646,East Davidhaven,Unknown,1986-09-12 00:00:00,Unknown,0.0,pending,0.0,None,10700.0,,UZ 100152 Tashkent East Angie,"['someone', 'generation']",1.0,3.0,5.0,"['game', 'lead']",3.0,693.0,1475.0,laptop,Dell,2015.0,phone,Samsung,2023.0,100152,Unknown,Unknown
898,Alejandro Pierce ,0,Male,63.0,+6607984278,North Jennifer,Unknown,1975-12-06 00:00:00,Unknown,0.0,active,0.0,excellent,247.0,1994-09-23 00:00:00,"Apartment 3, West Madisonberg district, Tashkent, UZ, 100586",,,,,,,,,,,,,,,100586,Tashkent, West Madisonberg district
899,Unknown,0,Female,0.0,+2056628875,Williamsmouth,Unknown,,Data Science,0.0,pending,0.0,good,225.0,,"Apartment 35, Velasquezfurt district, Tashkent, UZ, 100998",,,,,,,,,,,,,,,100998,Tashkent, Velasquezfurt district
900,Michael Guerra ,18,Female,0.0,+9337920750,New Ryanfort,Unknown,1990-09-27 11:36:38,Unknown,0.0,inactive,0.0,average,167.0,2003-05-09 19:54:57,"Murphyberg 11-kv, dom 30, Tashkent",,,,,,,,,,,,,,,Unknown,Tashkent,Unknown
901,Megan Nelson,0,Female,60.0,+0017434178425,Port Jacquelineshire,Unknown,2017-03-31 20:25:34,Unknown,0.0,inactive,0.0,good,174.0,2000-09-03 00:00:00,"Apartment 19, Jenniferport district, Tashkent, UZ, 100946","['customer', 'security']",3.0,2.0,3.0,"['stage', 'go']",5.0,601.0,409.0,laptop,HP,2022.0,phone,Samsung,2023.0,100946,Tashkent, Jenniferport district
902,Paul Cummings ,20,Unknown,0.0,+1585741474,New Michael,Unknown,2023-05-11 00:09:06,Unknown,0.0,inactive,0.0,average,20400.0,2017-01-03 01:59:00,"Apartment 44, Davisfort district, Tashkent, UZ, 100800","['scene', 'friend']",1.0,1.0,1.0,"['land', 'moment']",0.0,1014.0,616.0,laptop,Lenovo,2022.0,phone,Xiaomi,2023.0,100800,Tashkent, Davisfort district
903,Jennifer Lucas ,22,Male,0.0,+10899877508,East Ronaldview,Unknown,2014-01-18 00:00:00,Unknown,0.0,active,2.57,None,200.0,2021-05-19 00:00:00,"BROKEN,ADDRESS,DATA,,,",,,,,,,,,,,,,,,Unknown,Unknown,Unknown
904,Kevin Aguirre,21,Female,0.0,+9596688387,Port Donald,zking@ramirez-rodriguez.biz,1970-05-18 13:55:42,Data Science,0.0,pending,0.0,None,25800.0,1993-10-03 14:58:46,UZ 100855 Tashkent Valentineview,"['thus', 'leader']",5.0,4.0,3.0,"['save', 'debate']",1.0,840.0,649.0,laptop,Lenovo,2017.0,phone,Samsung,2022.0,100855,Unknown,Unknown
905,Michael Garcia,20,Male,61.0,Unknown,Sallyland,Unknown,2020-07-22 00:00:00,Python,0.0,inactive,0.0,good,188.0,2001-10-03 00:00:00,"BROKEN,ADDRESS,DATA,,,","['keep', 'speak']",5.0,1.0,4.0,"['per', 'short']",2.0,361.0,1225.0,laptop,HP,2015.0,phone,Samsung,2021.0,Unknown,Unknown,Unknown
906,Vicki Cardenas,20,Unknown,0.0,Unknown,Daisyton,jason39@yahoo.com,2012-01-05 00:00:00,Unknown,0.0,inactive,0.0,average,9800.0,,"BROKEN,ADDRESS,DATA,,,","['task', 'hand']",4.0,1.0,3.0,"['tell', 'PM']",4.0,1442.0,906.0,laptop,Dell,2022.0,phone,Apple,2023.0,Unknown,Unknown,Unknown
907,Unknown,20,Female,77.0,Unknown,North Peter,Unknown,1984-08-14 00:00:00,Unknown,0.0,inactive,0.0,good,293.0,2018-05-19 00:00:00,UZ 100507 Tashkent Craneville,,,,,,,,,,,,,,,100507,Unknown,Unknown
908,Unknown,18,Unknown,0.0,+9669170594,New Denise,Unknown,2005-03-11 00:00:00,Unknown,93.0,active,0.0,  excellent  ,296.0,1983-08-28 00:00:00,"Apartment 39, New Shirleyside district, Tashkent, UZ, 100073",,,,,,,,,,,,,,,100073,Tashkent, New Shirleyside district
909,Unknown,20,Male,0.0,+0015329212430,East Terriberg,Unknown,1998-04-06 00:00:00,Unknown,0.0,inactive,0.0,excellent,195.0,1981-02-14 03:44:00,"East Brianshire 9-kv, dom 29, Tashkent","['development', 'reach']",1.0,2.0,5.0,"['truth', 'mention']",1.0,735.0,721.0,laptop,HP,2019.0,phone,Apple,2020.0,Unknown,Tashkent,Unknown
910,Christopher Reed ,18,Unknown,0.0,+8660640331,East Michael,Unknown,1991-11-11 00:00:00,Unknown,0.0,inactive,0.0,  excellent  ,284.0,2010-04-06 23:07:00,"Apartment 2, Schaeferfurt district, Tashkent, UZ, 100131","['sign', 'traditional']",1.0,1.0,2.0,"['cold', 'concern']",4.0,1251.0,692.0,laptop,Lenovo,2017.0,phone,Apple,2022.0,100131,Tashkent, Schaeferfurt district
911,Rebecca Wise,21,Male,0.0,+1406122237,Fosterchester,austinevans@levy.com,1987-08-03 00:00:00,Unknown,0.0,pending,0.0,average,279.0,2013-10-31 05:19:00,UZ 100309 Tashkent Andrewsshire,"['talk', 'network']",2.0,4.0,3.0,"['sea', 'according']",4.0,1125.0,1023.0,laptop,Lenovo,2022.0,phone,Apple,2021.0,100309,Unknown,Unknown
912,Unknown,20,Unknown,0.0,Unknown,Cabreraberg,michael93@schmidt.com,1987-09-24 00:00:00,Unknown,83.0,active,0.0,  excellent  ,255.0,1985-08-08 00:00:00,"BROKEN,ADDRESS,DATA,,,","['right', 'tell']",4.0,4.0,3.0,"['hold', 'media']",2.0,1219.0,1321.0,laptop,Dell,2024.0,phone,Apple,2022.0,Unknown,Unknown,Unknown
913,Kylie Herrera ,20,Male,0.0,+7348560835,Laraside,Unknown,1987-01-26 22:47:46,Python,89.0,pending,0.0,None,294.0,,UZ 100833 Tashkent Gregoryfurt,,,,,,,,,,,,,,,100833,Unknown,Unknown
914,Unknown,20,Unknown,0.0,+14381105062,New Rebeccahaven,Unknown,1975-07-23 23:00:00,Data Science,0.0,inactive,0.0,average,23600.0,1975-05-24 00:00:00,"Apartment 9, North Valerie district, Tashkent, UZ, 100224","['management', 'just']",5.0,2.0,4.0,"['mother', 'together']",1.0,486.0,1299.0,laptop,HP,2022.0,phone,Apple,2024.0,100224,Tashkent, North Valerie district
915,Unknown,20,Unknown,91.0,+6511958738,Lake Robert,anaalvarez@gmail.com,2015-03-12 12:43:00,Data Science,0.0,inactive,0.0,good,250.0,2015-02-01 23:48:00,"BROKEN,ADDRESS,DATA,,,","['woman', 'itself']",5.0,2.0,3.0,"['successful', 'would']",2.0,1332.0,1235.0,laptop,Lenovo,2022.0,phone,Samsung,2020.0,Unknown,Unknown,Unknown
916,Jay Wright,20,Female,70.0,+1151817946,Andreston,Unknown,2011-12-01 00:00:00,Unknown,0.0,pending,0.0,good,144.0,,"New Michaelchester 25-kv, dom 39, Tashkent",,,,,,,,,,,,,,,Unknown,Tashkent,Unknown
917,Heather Johnson,18,Male,71.0,+5909425745,Jonathanhaven,carlsondakota@gmail.com,,Python,65.0,active,3.82,average,84.0,1971-11-09 00:00:00,"Apartment 33, Conleyside district, Tashkent, UZ, 100363",,,,,,,,,,,,,,,100363,Tashkent, Conleyside district
918,Unknown,0,Unknown,60.0,Unknown,Lake Amandaside,Unknown,1982-10-15 14:54:01,Unknown,0.0,inactive,0.0,excellent,60.0,2023-07-14 00:00:00,"BROKEN,ADDRESS,DATA,,,","['author', 'address']",3.0,2.0,5.0,"['information', 'rich']",2.0,1212.0,216.0,laptop,HP,2015.0,phone,Apple,2020.0,Unknown,Unknown,Unknown
919,Christopher Henry ,0,Male,78.0,Unknown,Lake Darlenemouth,Unknown,1975-07-14 00:00:00,Unknown,0.0,active,0.0,excellent,206.0,,"BROKEN,ADDRESS,DATA,,,","['hear', 'adult']",5.0,4.0,3.0,"['action', 'whole']",4.0,433.0,1049.0,laptop,Lenovo,2017.0,phone,Xiaomi,2018.0,Unknown,Unknown,Unknown
920,Unknown,21,Female,0.0,+1637011464,Jenkinsborough,obray@aguirre.org,2020-03-17 05:54:00,Unknown,0.0,active,1.13,  excellent  ,24600.0,1987-03-28 00:00:00,"Richardsonchester 27-kv, dom 41, Tashkent",,,,,,,,,,,,,,,Unknown,Tashkent,Unknown
921,Angela Moore ,0,Female,87.0,Unknown,South Crystalmouth,samanthabray@martinez-jones.com,1984-10-15 00:00:00,Python,0.0,inactive,0.0,excellent,262.0,1992-12-07 00:00:00,"Thompsonshire 8-kv, dom 40, Tashkent",,,,,,,,,,,,,,,Unknown,Tashkent,Unknown
922,Timothy Tran,18,Male,65.0,+12590101007,Wilsonton,Unknown,,Unknown,0.0,inactive,2.11,None,285.0,1994-09-30 00:00:00,"South Bryan 12-kv, dom 27, Tashkent",,,,,,,,,,,,,,,Unknown,Tashkent,Unknown
923,Brittany Walton,20,Unknown,0.0,Unknown,Victoriabury,austinlewis@jackson.net,2020-09-21 00:00:00,Data Science,0.0,inactive,0.0,excellent,50.0,2002-02-26 00:00:00,"BROKEN,ADDRESS,DATA,,,",,,,,,,,,,,,,,,Unknown,Unknown,Unknown
924,Sandra Webster ,20,Male,0.0,+3334336868,North Danielle,Unknown,1981-10-19 00:00:00,Python,0.0,pending,0.0,  excellent  ,287.0,1972-04-18 00:00:00,"BROKEN,ADDRESS,DATA,,,","['short', 'interest']",3.0,2.0,5.0,"['data', 'eye']",2.0,1215.0,1077.0,laptop,Lenovo,2019.0,phone,Xiaomi,2018.0,Unknown,Unknown,Unknown
925,Unknown,20,Female,0.0,+1942747937,Johnburgh,lisa52@gmail.com,2010-04-12 01:28:00,Unknown,72.0,pending,0.0,None,85.0,2009-01-02 00:00:00,"West Richard 16-kv, dom 36, Tashkent",,,,,,,,,,,,,,,Unknown,Tashkent,Unknown
926,Unknown,0,Female,0.0,Unknown,North Chad,Unknown,2004-01-14 00:00:00,Unknown,0.0,active,3.25,good,105.0,2021-08-30 00:00:00,"223 Jason Groves, Bennettview","['risk', 'thus']",3.0,4.0,5.0,"['accept', 'gun']",1.0,1260.0,398.0,laptop,HP,2020.0,phone,Xiaomi,2023.0,Unknown,Bennettview,Unknown
927,Unknown,19,Female,63.0,Unknown,New Rhondaside,Unknown,,Unknown,0.0,pending,0.0,good,188.0,2004-12-09 22:13:35,"Apartment 44, Pamelaburgh district, Tashkent, UZ, 100968",,,,,,,,,,,,,,,100968,Tashkent, Pamelaburgh district
928,Unknown,21,Male,70.0,Unknown,Lake Adam,april93@morris.com,2017-04-17 21:31:07,Unknown,0.0,active,0.0,  excellent  ,248.0,1993-06-28 00:00:00,"Apartment 29, Lake Debraville district, Tashkent, UZ, 100194","['one', 'clearly']",3.0,4.0,5.0,"['of', 'hand']",5.0,807.0,714.0,laptop,Dell,2022.0,phone,Apple,2019.0,100194,Tashkent, Lake Debraville district
929,Unknown,0,Male,63.0,+5887173328,South Matthewmouth,Unknown,2001-08-05 08:12:58,Unknown,0.0,inactive,0.0,good,232.0,2019-04-19 00:00:00,"1888 Weaver Tunnel Suite 109, North Theresa","['whatever', 'remember']",4.0,4.0,3.0,"['memory', 'top']",1.0,1430.0,1235.0,laptop,Dell,2022.0,phone,Xiaomi,2020.0,Unknown,North Theresa,Unknown
930,Joshua Graham ,19,Unknown,63.0,Unknown,Ramosfort,kathryn35@yahoo.com,1975-10-12 10:00:00,Unknown,100.0,active,0.0,average,234.0,,UZ 100170 Tashkent West Miguelview,"['any', 'learn']",5.0,4.0,2.0,"['bag', 'serve']",0.0,1174.0,1077.0,laptop,HP,2024.0,phone,Samsung,2018.0,100170,Unknown,Unknown
931,Unknown,18,Unknown,0.0,Unknown,West Clinton,Unknown,1992-09-15 00:00:00,Python,0.0,pending,0.0,  excellent  ,156.0,2014-08-07 00:00:00,UZ 100464 Tashkent New Jenniferview,"['list', 'assume']",1.0,4.0,1.0,"['stock', 'fight']",4.0,1008.0,320.0,laptop,Lenovo,2023.0,phone,Samsung,2023.0,100464,Unknown,Unknown
932,Unknown,20,Male,0.0,+0809434080,Marciashire,Unknown,2009-06-11 03:36:51,Data Science,0.0,pending,0.0,None,152.0,1986-03-06 00:00:00,"Apartment 2, Sarahbury district, Tashkent, UZ, 100195",,,,,,,,,,,,,,,100195,Tashkent, Sarahbury district
933,Unknown,18,Male,66.0,+6733451499,New Russellstad,Unknown,2004-03-10 00:00:00,Data Science,94.0,pending,0.0,  excellent  ,165.0,2005-05-06 05:51:00,"West Lisa 12-kv, dom 32, Tashkent",,,,,,,,,,,,,,,Unknown,Tashkent,Unknown
934,Unknown,21,Female,72.0,+4957765449,Hollandburgh,Unknown,1983-04-05 00:00:00,Unknown,75.0,inactive,0.0,good,276.0,1973-02-03 00:00:00,"0358 Brian Lock, Ramirezstad",,,,,,,,,,,,,,,Unknown,Ramirezstad,Unknown
935,Sabrina Morrison ,19,Male,0.0,Unknown,North Jessica,Unknown,2023-06-10 19:02:00,Data Science,0.0,active,0.0,  excellent  ,200.0,1977-09-09 00:00:00,"BROKEN,ADDRESS,DATA,,,",,,,,,,,,,,,,,,Unknown,Unknown,Unknown
936,Unknown,22,Female,85.0,Unknown,Lake Audreyville,Unknown,1983-09-01 00:00:00,Data Science,72.0,active,2.16,average,61.0,1986-08-24 00:00:00,"Apartment 40, Danielview district, Tashkent, UZ, 100189","['rather', 'yourself']",1.0,5.0,5.0,"['reason', 'speech']",4.0,1439.0,1112.0,laptop,HP,2017.0,phone,Xiaomi,2019.0,100189,Tashkent, Danielview district
937,Tara Randolph ,20,Unknown,71.0,Unknown,New Timothyville,icummings@pierce.info,2019-09-30 10:22:00,Data Science,83.0,inactive,0.0,  excellent  ,286.0,1995-05-24 06:26:00,"BROKEN,ADDRESS,DATA,,,",,,,,,,,,,,,,,,Unknown,Unknown,Unknown
938,Robert Jacobs ,20,Unknown,0.0,+9581072357,Lamshire,Unknown,1977-01-20 00:00:00,Unknown,0.0,inactive,0.0,good,15800.0,1986-08-10 00:00:00,"98665 Bell Cliffs Suite 152, Amandamouth",,,,,,,,,,,,,,,98665,Amandamouth,Unknown
939,Unknown,20,Female,0.0,+7471985597,Melvinshire,Unknown,1976-04-03 00:00:00,Unknown,90.0,active,0.0,good,19700.0,,"8302 Ray Light, Caitlinborough","['behind', 'wonder']",5.0,4.0,5.0,"['need', 'station']",3.0,1062.0,338.0,laptop,HP,2019.0,phone,Xiaomi,2024.0,Unknown,Caitlinborough,Unknown
940,Unknown,22,Male,92.0,Unknown,Bakerland,Unknown,1993-10-13 00:00:00,Unknown,0.0,active,0.0,None,230.0,2020-09-21 04:17:00,"BROKEN,ADDRESS,DATA,,,",,,,,,,,,,,,,,,Unknown,Unknown,Unknown
941,Philip Miller ,19,Female,0.0,Unknown,West Craigfurt,Unknown,2010-11-20 00:00:00,Data Science,0.0,inactive,0.0,None,7500.0,2016-01-31 15:58:00,UZ 100249 Tashkent Port Alicia,"['oil', 'research']",1.0,2.0,2.0,"['project', 'cell']",4.0,1361.0,488.0,laptop,HP,2024.0,phone,Samsung,2020.0,100249,Unknown,Unknown
942,Ann Wong ,20,Female,0.0,Unknown,Lake Kenneth,Unknown,1970-02-01 00:00:00,Unknown,0.0,pending,1.64,average,120.0,2007-04-22 00:00:00,"BROKEN,ADDRESS,DATA,,,","['possible', 'eight']",5.0,4.0,2.0,"['simply', 'fire']",4.0,724.0,659.0,laptop,Dell,2016.0,phone,Samsung,2019.0,Unknown,Unknown,Unknown
943,Rita Grimes ,0,Female,58.0,Unknown,Sydneyborough,Unknown,1986-02-18 00:00:00,Unknown,0.0,inactive,0.0,None,187.0,1998-03-29 00:00:00,"BROKEN,ADDRESS,DATA,,,","['computer', 'technology']",5.0,1.0,2.0,"['organization', 'finish']",4.0,1485.0,1227.0,laptop,Lenovo,2016.0,phone,Samsung,2022.0,Unknown,Unknown,Unknown
944,Unknown,18,Unknown,69.0,Unknown,Maryhaven,Unknown,,Data Science,0.0,inactive,0.0,  excellent  ,223.0,2010-07-09 00:00:00,"Apartment 31, Lake Megan district, Tashkent, UZ, 100435",,,,,,,,,,,,,,,100435,Tashkent, Lake Megan district
945,Unknown,20,Female,0.0,+8796174664,Hamptonstad,Unknown,2013-02-06 22:37:00,Unknown,93.0,pending,0.0,None,231.0,1994-09-15 00:00:00,"Apartment 13, Pennyland district, Tashkent, UZ, 100302","['class', 'father']",3.0,5.0,5.0,"['let', 'watch']",4.0,532.0,848.0,laptop,HP,2016.0,phone,Samsung,2024.0,100302,Tashkent, Pennyland district
946,Rebecca Archer,22,Female,84.0,+12639389573,East Teresa,Unknown,,Data Science,0.0,active,0.0,excellent,222.0,2009-08-21 00:00:00,"BROKEN,ADDRESS,DATA,,,",,,,,,,,,,,,,,,Unknown,Unknown,Unknown
947,Ann Hayes,20,Female,0.0,Unknown,Gordonport,Unknown,,Data Science,67.0,active,0.0,  excellent  ,185.0,2015-10-22 00:00:00,"Apartment 44, North Philip district, Tashkent, UZ, 100111","['single', 'player']",4.0,3.0,1.0,"['trade', 'score']",3.0,1475.0,1225.0,laptop,HP,2024.0,phone,Xiaomi,2022.0,100111,Tashkent, North Philip district
948,Thomas Harris ,20,Female,0.0,Unknown,Port Phyllis,Unknown,1993-01-05 20:29:39,Data Science,0.0,active,0.0,None,272.0,2021-07-30 09:01:57,"BROKEN,ADDRESS,DATA,,,",,,,,,,,,,,,,,,Unknown,Unknown,Unknown
949,Theresa Jordan,0,Unknown,60.0,+0014458280575,Lake Jeremy,Unknown,1978-01-01 00:00:00,Data Science,0.0,pending,0.0,  excellent  ,145.0,2004-05-26 20:30:10,"BROKEN,ADDRESS,DATA,,,","['baby', 'rule']",5.0,1.0,3.0,"['apply', 'on']",2.0,573.0,1228.0,laptop,HP,2015.0,phone,Samsung,2022.0,Unknown,Unknown,Unknown
950,Jason Smith,20,Unknown,0.0,+17572435588,Leemouth,Unknown,2010-11-02 15:29:00,Data Science,0.0,inactive,0.0,  excellent  ,66.0,1982-10-15 00:00:00,"West Davidmouth 11-kv, dom 27, Tashkent","['real', 'wind']",4.0,3.0,1.0,"['teacher', 'network']",3.0,1485.0,1174.0,laptop,HP,2017.0,phone,Apple,2019.0,Unknown,Tashkent,Unknown
951,Robert Poole ,0,Female,0.0,+0781068230,West Lucas,Unknown,2010-06-23 00:00:00,Data Science,0.0,inactive,0.0,None,7500.0,,"BROKEN,ADDRESS,DATA,,,",,,,,,,,,,,,,,,Unknown,Unknown,Unknown
952,Brittany Jackson ,0,Unknown,77.0,+3877933845,Dianeberg,Unknown,1987-01-20 00:00:00,Data Science,0.0,active,0.0,None,245.0,1997-11-30 11:37:00,"BROKEN,ADDRESS,DATA,,,","['send', 'our']",1.0,5.0,5.0,"['environment', 'action']",0.0,922.0,1459.0,laptop,Lenovo,2016.0,phone,Samsung,2021.0,Unknown,Unknown,Unknown
953,Sheila Hansen,0,Male,85.0,Unknown,Estesmouth,Unknown,1989-12-21 21:59:49,Unknown,0.0,inactive,0.0,good,18500.0,2013-08-12 20:32:00,UZ 100069 Tashkent East James,,,,,,,,,,,,,,,100069,Unknown,Unknown
954,Amanda Mullins ,19,Female,0.0,Unknown,West Ashley,Unknown,2013-11-17 00:00:00,Unknown,0.0,pending,0.0,None,254.0,1980-02-03 00:00:00,"Apartment 13, West Nicholas district, Tashkent, UZ, 100505",,,,,,,,,,,,,,,100505,Tashkent, West Nicholas district
955,Desiree Wade ,20,Male,54.0,Unknown,Liushire,Unknown,2012-04-14 00:00:00,Data Science,78.0,active,2.89,excellent,120.0,2009-02-27 00:00:00,"East Susan 21-kv, dom 38, Tashkent","['far', 'half']",2.0,1.0,3.0,"['evidence', 'get']",3.0,845.0,1126.0,laptop,Dell,2018.0,phone,Xiaomi,2021.0,Unknown,Tashkent,Unknown
956,Ashley Scott ,19,Female,81.0,+18037526910,Darrellmouth,thomas01@yahoo.com,2012-08-26 00:00:00,Data Science,0.0,pending,0.0,average,64.0,2021-04-02 00:00:00,UZ 100730 Tashkent Lake April,"['again', 'plan']",1.0,5.0,2.0,"['experience', 'develop']",2.0,1417.0,558.0,laptop,Lenovo,2018.0,phone,Xiaomi,2022.0,100730,Unknown,Unknown
957,Mrs. Erica Wright DVM,0,Male,84.0,+0012316251591,East Patricia,Unknown,2002-04-30 00:00:00,Unknown,76.0,inactive,2.41,  excellent  ,88.0,1984-05-09 00:00:00,"BROKEN,ADDRESS,DATA,,,","['tell', 'late']",5.0,1.0,1.0,"['paper', 'according']",4.0,992.0,945.0,laptop,Dell,2023.0,phone,Apple,2021.0,Unknown,Unknown,Unknown
958,Daniel Delacruz,0,Male,93.0,+9286345122,South Christopherland,Unknown,1971-06-24 00:00:00,Unknown,80.0,pending,0.0,excellent,157.0,1977-02-25 00:00:00,"7424 Dawn Crossroad Apt. 545, Williamsmouth","['good', 'which']",3.0,4.0,1.0,"['social', 'live']",1.0,982.0,308.0,laptop,Dell,2019.0,phone,Xiaomi,2024.0,Unknown,Williamsmouth,Unknown
959,Jasmine Miller,18,Unknown,70.0,Unknown,Lisaburgh,sarah07@gmail.com,2010-06-22 00:00:00,Data Science,0.0,inactive,0.0,  excellent  ,173.0,1978-08-07 07:15:00,"Evanshaven 13-kv, dom 18, Tashkent","['able', 'operation']",3.0,2.0,5.0,"['after', 'thing']",0.0,500.0,1493.0,laptop,HP,2023.0,phone,Apple,2024.0,Unknown,Tashkent,Unknown
960,Valerie Cervantes,18,Female,0.0,Unknown,Hansenport,osullivan@yahoo.com,2014-03-07 00:00:00,Unknown,0.0,active,1.41,excellent,124.0,1991-09-27 00:00:00,"Apartment 6, Moniquefurt district, Tashkent, UZ, 100111","['artist', 'give']",2.0,2.0,2.0,"['conference', 'probably']",0.0,1179.0,773.0,laptop,HP,2018.0,phone,Samsung,2022.0,100111,Tashkent, Moniquefurt district
961,Unknown,20,Male,91.0,+5682546200,Jonestown,Unknown,2021-05-16 12:42:06,Unknown,64.0,pending,0.0,average,133.0,,"Apartment 44, Andreafort district, Tashkent, UZ, 100038","['soldier', 'interesting']",1.0,3.0,1.0,"['computer', 'after']",2.0,621.0,242.0,laptop,Lenovo,2020.0,phone,Samsung,2018.0,100038,Tashkent, Andreafort district
962,Unknown,0,Unknown,94.0,+7193328005,Jamesport,raven66@williams.info,1998-02-10 00:16:50,Unknown,0.0,inactive,0.0,  excellent  ,263.0,,"14283 Jillian Pine Suite 363, Gibsonchester","['fact', 'exactly']",3.0,3.0,5.0,"['will', 'prepare']",1.0,1444.0,1181.0,laptop,HP,2024.0,phone,Samsung,2022.0,14283,Gibsonchester,Unknown
963,Steven Knight ,22,Female,51.0,+4541999513,North Samantha,smithjoseph@gmail.com,2018-03-28 00:00:00,Unknown,0.0,pending,1.35,excellent,24300.0,2017-05-23 00:00:00,"Olsonbury 8-kv, dom 16, Tashkent","['technology', 'long']",1.0,3.0,5.0,"['happen', 'activity']",2.0,1418.0,825.0,laptop,Dell,2022.0,phone,Samsung,2018.0,Unknown,Tashkent,Unknown
964,Unknown,22,Unknown,76.0,+4229088874,North Michaelstad,Unknown,1983-09-07 00:00:00,Data Science,0.0,inactive,0.0,excellent,237.0,1997-10-09 00:00:00,"Edwardtown 22-kv, dom 5, Tashkent",,,,,,,,,,,,,,,Unknown,Tashkent,Unknown
965,Laura Rhodes,20,Female,98.0,+3203925508,New Joe,Unknown,1970-03-11 03:21:00,Unknown,0.0,active,0.0,excellent,229.0,1996-11-23 14:42:00,UZ 100945 Tashkent South Glen,,,,,,,,,,,,,,,100945,Unknown,Unknown
966,Unknown,0,Male,0.0,+0017062326552,New Dianebury,Unknown,2015-04-26 00:00:00,Data Science,0.0,inactive,0.0,average,201.0,1979-03-05 18:41:01,"New Jonathanfort 22-kv, dom 35, Tashkent","['fear', 'section']",2.0,1.0,1.0,"['goal', 'short']",1.0,606.0,676.0,laptop,Dell,2018.0,phone,Xiaomi,2022.0,Unknown,Tashkent,Unknown
967,Unknown,0,Male,68.0,+0015414062379,New Alexander,Unknown,1994-05-26 12:16:00,Data Science,63.0,inactive,0.0,good,179.0,1976-01-09 19:59:08,"Apartment 8, New Cynthia district, Tashkent, UZ, 100877","['run', 'without']",4.0,5.0,2.0,"['day', 'he']",4.0,888.0,647.0,laptop,Lenovo,2023.0,phone,Xiaomi,2023.0,100877,Tashkent, New Cynthia district
968,Patricia Young,0,Male,67.0,+18177345117,Savannahmouth,Unknown,1997-11-26 11:56:00,Data Science,0.0,pending,0.0,None,159.0,1977-02-16 00:00:00,"BROKEN,ADDRESS,DATA,,,","['who', 'quickly']",1.0,2.0,2.0,"['white', 'these']",1.0,1116.0,1181.0,laptop,HP,2020.0,phone,Apple,2018.0,Unknown,Unknown,Unknown
969,Juan Johnson ,21,Female,0.0,+0449839164,Mcleanchester,Unknown,2025-02-10 00:00:00,Unknown,89.0,inactive,0.0,None,245.0,2001-04-27 00:00:00,"BROKEN,ADDRESS,DATA,,,","['country', 'main']",5.0,4.0,2.0,"['police', 'either']",5.0,252.0,626.0,laptop,Lenovo,2021.0,phone,Apple,2018.0,Unknown,Unknown,Unknown
970,Unknown,0,Unknown,0.0,+5738172792,Lake Brittneyburgh,steven18@yahoo.com,,Unknown,83.0,active,0.0,average,6700.0,2016-05-31 00:00:00,"Apartment 19, Morganburgh district, Tashkent, UZ, 100859",,,,,,,,,,,,,,,100859,Tashkent, Morganburgh district
971,Unknown,0,Female,0.0,+9727768849,Valeriemouth,Unknown,2017-02-28 18:52:00,Data Science,0.0,active,0.0,  excellent  ,57.0,2002-03-29 14:18:29,UZ 100597 Tashkent Florestown,,,,,,,,,,,,,,,100597,Unknown,Unknown
972,Patty Cortez ,19,Female,0.0,+0010874669864,Stephanieberg,jongarcia@yahoo.com,2013-12-10 00:00:00,Data Science,0.0,active,0.0,None,117.0,2007-06-19 04:46:47,UZ 100171 Tashkent New Jefferystad,"['something', 'grow']",4.0,2.0,4.0,"['another', 'sing']",1.0,1487.0,547.0,laptop,HP,2023.0,phone,Apple,2024.0,100171,Unknown,Unknown
973,Unknown,22,Male,0.0,+9785812834,Crystalbury,Unknown,2019-03-01 12:08:03,Python,87.0,inactive,0.0,  excellent  ,246.0,2011-02-18 10:42:00,UZ 100511 Tashkent West Ericafurt,,,,,,,,,,,,,,,100511,Unknown,Unknown
974,Unknown,0,Unknown,0.0,Unknown,Lake Emmamouth,Unknown,2012-05-06 00:00:00,Python,76.0,pending,0.0,average,193.0,1994-11-02 09:21:00,"48540 Teresa Walk Suite 843, Jenkinshaven",,,,,,,,,,,,,,,48540,Jenkinshaven,Unknown
975,Unknown,0,Unknown,74.0,Unknown,Baileyside,Unknown,2006-04-02 16:13:00,Unknown,0.0,active,0.0,None,116.0,1973-03-04 00:48:22,UZ 100834 Tashkent Wilsonfurt,"['industry', 'face']",1.0,1.0,3.0,"['hour', 'show']",4.0,364.0,1242.0,laptop,Lenovo,2020.0,phone,Samsung,2023.0,100834,Unknown,Unknown
976,Unknown,0,Unknown,0.0,Unknown,New Vincentfurt,Unknown,,Data Science,0.0,active,0.0,None,147.0,,"Apartment 6, West Patriciaborough district, Tashkent, UZ, 100253",,,,,,,,,,,,,,,100253,Tashkent, West Patriciaborough district
977,Dana Williams,20,Female,93.0,+4431455738,Port Andrea,Unknown,,Unknown,0.0,inactive,2.97,average,174.0,1971-06-07 00:00:00,"Apartment 30, Port Jamesland district, Tashkent, UZ, 100655","['concern', 'PM']",4.0,5.0,5.0,"['summer', 'option']",2.0,627.0,413.0,laptop,Dell,2020.0,phone,Xiaomi,2022.0,100655,Tashkent, Port Jamesland district
978,Unknown,20,Male,63.0,Unknown,East Stephanie,scott37@gmail.com,2020-12-16 12:38:51,Data Science,0.0,active,0.0,excellent,152.0,,"253 Hamilton Drives Apt. 911, South Kelsey",,,,,,,,,,,,,,,Unknown,South Kelsey,Unknown
979,Susan Flowers ,18,Female,73.0,+0791257590,Michaelchester,Unknown,,Unknown,0.0,active,1.5,None,282.0,1976-07-16 00:00:00,"BROKEN,ADDRESS,DATA,,,","['teacher', 'rate']",4.0,5.0,1.0,"['memory', 'cultural']",1.0,975.0,892.0,laptop,Lenovo,2021.0,phone,Xiaomi,2018.0,Unknown,Unknown,Unknown
980,John Reed,18,Male,56.0,Unknown,Cookstad,Unknown,2017-09-21 00:00:00,Unknown,90.0,inactive,0.0,average,231.0,2016-01-28 00:00:00,"BROKEN,ADDRESS,DATA,,,","['career', 'term']",5.0,1.0,5.0,"['appear', 'body']",2.0,1487.0,1460.0,laptop,Dell,2019.0,phone,Apple,2020.0,Unknown,Unknown,Unknown
981,David Price ,20,Male,0.0,Unknown,South Shawn,Unknown,2022-09-29 00:00:00,Unknown,0.0,active,0.0,excellent,74.0,2021-11-17 00:00:00,"Apartment 28, Heatherville district, Tashkent, UZ, 100202","['themselves', 'work']",1.0,1.0,1.0,"['third', 'radio']",3.0,1229.0,563.0,laptop,Dell,2021.0,phone,Xiaomi,2019.0,100202,Tashkent, Heatherville district
982,Richard Stewart ,20,Male,0.0,+19441663388,West Brett,Unknown,1996-01-08 01:46:36,Data Science,85.0,pending,3.76,average,252.0,1984-07-16 22:14:00,"08244 Richard Hill, Juliaburgh","['store', 'over']",4.0,5.0,2.0,"['force', 'its']",1.0,593.0,1029.0,laptop,Dell,2016.0,phone,Apple,2019.0,08244,Juliaburgh,Unknown
983,Heather Morton ,21,Female,0.0,Unknown,East Blakeburgh,ashleyhardy@hotmail.com,1983-12-16 00:00:00,Unknown,0.0,pending,0.0,None,17000.0,1978-10-14 00:00:00,"BROKEN,ADDRESS,DATA,,,","['beat', 'order']",2.0,5.0,1.0,"['crime', 'need']",3.0,1163.0,833.0,laptop,Lenovo,2023.0,phone,Samsung,2021.0,Unknown,Unknown,Unknown
984,Thomas Camacho,18,Unknown,63.0,+18350103376,East Apriltown,kristina81@barr-morgan.biz,2012-05-13 00:00:00,Data Science,79.0,pending,0.0,excellent,227.0,1980-11-17 00:00:00,UZ 100095 Tashkent East Erinburgh,"['create', 'degree']",2.0,5.0,2.0,"['mother', 'late']",4.0,588.0,1100.0,laptop,HP,2016.0,phone,Apple,2022.0,100095,Unknown,Unknown
985,Unknown,0,Unknown,0.0,+9900626664,North Dawnstad,Unknown,2021-03-12 00:00:00,Unknown,0.0,active,0.0,  excellent  ,128.0,1998-12-04 18:51:00,"Apartment 11, Natalietown district, Tashkent, UZ, 100409",,,,,,,,,,,,,,,100409,Tashkent, Natalietown district
986,Unknown,20,Male,0.0,+2877724324,Murrayfort,Unknown,2019-08-09 01:16:30,Unknown,0.0,active,0.0,  excellent  ,108.0,,UZ 100367 Tashkent New Annton,"['reveal', 'fund']",1.0,3.0,1.0,"['wrong', 'finally']",5.0,768.0,329.0,laptop,Lenovo,2021.0,phone,Apple,2023.0,100367,Unknown,Unknown
987,Kathy Smith ,0,Male,0.0,Unknown,South Katherineton,Unknown,2021-01-15 00:00:00,Unknown,0.0,inactive,0.0,None,14900.0,1994-05-15 10:14:57,"Andersonville 26-kv, dom 42, Tashkent","['up', 'quality']",2.0,1.0,4.0,"['almost', 'offer']",1.0,1030.0,1243.0,laptop,HP,2020.0,phone,Samsung,2022.0,Unknown,Tashkent,Unknown
988,Unknown,0,Female,0.0,Unknown,Tammymouth,alisoncohen@gmail.com,,Unknown,67.0,pending,0.0,  excellent  ,97.0,,"38142 Price Shoals Suite 938, Port Kevintown","['main', 'sister']",1.0,1.0,5.0,"['worker', 'charge']",3.0,519.0,425.0,laptop,Lenovo,2020.0,phone,Xiaomi,2020.0,38142,Port Kevintown,Unknown
989,Robert Knight ,22,Female,88.0,+0016621661550,Micheleshire,Unknown,2024-04-05 00:00:00,Unknown,0.0,pending,0.0,average,215.0,2005-10-30 00:00:00,"7190 Myers Loaf Apt. 911, Dennisville","['similar', 'seem']",3.0,2.0,3.0,"['resource', 'performance']",0.0,774.0,1169.0,laptop,HP,2023.0,phone,Apple,2018.0,Unknown,Dennisville,Unknown
990,Anthony Bradford,21,Male,85.0,Unknown,South Anna,Unknown,2021-09-26 00:00:00,Unknown,0.0,inactive,0.0,average,55.0,1980-10-01 00:00:00,UZ 100994 Tashkent Samanthamouth,,,,,,,,,,,,,,,100994,Unknown,Unknown
991,Unknown,0,Male,74.0,+7113749360,Luismouth,srogers@hotmail.com,1981-08-07 20:47:00,Unknown,0.0,pending,0.0,excellent,98.0,2004-07-20 00:00:00,"Brianborough 12-kv, dom 21, Tashkent",,,,,,,,,,,,,,,Unknown,Tashkent,Unknown
992,Unknown,21,Female,73.0,+5456224455,East Rebeccashire,Unknown,1990-07-13 00:00:00,Data Science,75.0,active,0.0,excellent,140.0,2008-10-22 00:00:00,"1137 Victor Garden, Crosbymouth",,,,,,,,,,,,,,,Unknown,Crosbymouth,Unknown
993,Lisa Gardner ,19,Unknown,0.0,+0019973336462,West Laurieshire,Unknown,2017-07-21 00:00:00,Unknown,0.0,pending,0.0,average,25300.0,1985-05-26 16:20:56,"New Karenborough 13-kv, dom 30, Tashkent",,,,,,,,,,,,,,,Unknown,Tashkent,Unknown
994,Unknown,18,Unknown,0.0,+5498230512,Matthewton,Unknown,2011-03-11 19:46:31,Unknown,0.0,pending,0.0,  excellent  ,227.0,2000-10-15 19:37:43,"18583 Ross Landing Suite 657, Kellyfurt",,,,,,,,,,,,,,,18583,Kellyfurt,Unknown
995,Kelly Martin,0,Male,0.0,Unknown,Teresaville,Unknown,2005-02-26 23:42:53,Data Science,0.0,active,3.07,good,160.0,1976-03-31 00:00:00,"Apartment 40, Port Ashley district, Tashkent, UZ, 100498",,,,,,,,,,,,,,,100498,Tashkent, Port Ashley district
996,Gary Sawyer,22,Female,0.0,Unknown,Gabriellefurt,amy97@woodard.net,1992-11-13 00:00:00,Data Science,0.0,inactive,0.0,excellent,64.0,2007-10-14 18:53:00,"Apartment 12, Laurenhaven district, Tashkent, UZ, 100254","['collection', 'his']",3.0,5.0,1.0,"['increase', 'everything']",5.0,1382.0,1335.0,laptop,Dell,2017.0,phone,Xiaomi,2019.0,100254,Tashkent, Laurenhaven district
997,Scott Clark ,20,Unknown,0.0,+0012050658737,Rogerborough,katiepage@hensley.com,2024-10-05 00:00:00,Data Science,0.0,pending,0.0,None,143.0,2021-06-21 07:46:27,"Patrickmouth 4-kv, dom 6, Tashkent",,,,,,,,,,,,,,,Unknown,Tashkent,Unknown
998,Unknown,20,Male,0.0,+2645778585,South Mary,Unknown,2021-11-19 02:23:00,Unknown,95.0,inactive,0.0,  excellent  ,79.0,1975-05-11 00:00:00,"Apartment 38, New Brendan district, Tashkent, UZ, 100394","['street', 'read']",1.0,4.0,4.0,"['dinner', 'while']",5.0,1285.0,1005.0,laptop,HP,2020.0,phone,Xiaomi,2024.0,100394,Tashkent, New Brendan district
999,Brittany Barrett,21,Female,86.0,+0016631181327,Port Rachael,Unknown,,Unknown,0.0,active,3.06,average,23800.0,2015-05-24 00:00:00,"25998 Martinez Grove Apt. 473, West Scott","['game', 'total']",2.0,2.0,1.0,"['present', 'cup']",3.0,541.0,571.0,laptop,Dell,2022.0,phone,Samsung,2019.0,25998,West Scott,Unknown
1000,Unknown,0,Unknown,0.0,+4867548735,Dariusborough,Unknown,,Unknown,70.0,inactive,0.0,excellent,224.0,2015-06-27 08:04:00,"Apartment 24, Grossbury district, Tashkent, UZ, 100222",,,,,,,,,,,,,,,100222,Tashkent, Grossbury district
